Workbook

Sheet 기계코드
B2: system_code | C2: code_group | D2: code_key | E2: parent_key | F2: code_value | G2: code_value_en | H2: code_level | I2: is_leaf | J2: code_order | K2: iso15926_rdl | L2: description
B3: WAI_DESIGN_APP | C3: EQUIPMENT | D3: EQUIP | F3: 기계 | G3: Equipment | H3: 1 | J3: 1
B4: WAI_DESIGN_APP | C4: ELECTRIC_VALVE | D4: M_VALV | E4: EQUIP | F4: 자동 밸브 | G4: Automatic Valve | H4: 2 | J4: 1
B5: WAI_DESIGN_APP | C5: ELECTRIC_VALVE | D5: M_VAV01 | E5: M_VALV | F5: 게이트 밸브(슬루스 밸브) | G5: Gate Valve | H5: 3 | J5: 1
B6: WAI_DESIGN_APP | C6: ELECTRIC_VALVE | D6: M_VAV0101 | E6: M_VAV01 | F6: 전동식(1상식) 게이트 밸브(슬루스 밸브) | G6: Motorized 1-Phase Gate Valve | H6: 4 | I6: TRUE | J6: 1
B7: WAI_DESIGN_APP | C7: ELECTRIC_VALVE | D7: M_VAV0102 | E7: M_VAV01 | F7: 전동식(2상식) 게이트 밸브(슬루스 밸브) | G7: Motorized 2-Phase Gate Valve | H7: 4 | I7: TRUE | J7: 2
B8: WAI_DESIGN_APP | C8: ELECTRIC_VALVE | D8: M_VAV0103 | E8: M_VAV01 | F8: 유압식 게이트 밸브(슬루스 밸브) | G8: Hydraulic Gate Valve | H8: 4 | I8: TRUE | J8: 3
B9: WAI_DESIGN_APP | C9: ELECTRIC_VALVE | D9: M_VAV0104 | E9: M_VAV01 | F9: 공압식 게이트 밸브(슬루스 밸브) | G9: Pneumatic Gate Valve | H9: 4 | I9: TRUE | J9: 4
B10: WAI_DESIGN_APP | C10: ELECTRIC_VALVE | D10: M_VAV0105 | E10: M_VAV01 | F10: 전동식 나이프 게이트 밸브 | G10: Motorized Knife Gate Valve | H10: 4 | I10: TRUE | J10: 5
B11: WAI_DESIGN_APP | C11: ELECTRIC_VALVE | D11: M_VAV02 | E11: M_VALV | F11: 버터플라이밸브 | G11: Butterfly Valve | H11: 3 | J11: 2
B12: WAI_DESIGN_APP | C12: ELECTRIC_VALVE | D12: M_VAV0201 | E12: M_VAV02 | F12: 전동식(1상식) 버터플라이 밸브 | G12: Motorized 1-Phase Butterfly Valve | H12: 4 | I12: TRUE | J12: 1
B13: WAI_DESIGN_APP | C13: ELECTRIC_VALVE | D13: M_VAV0202 | E13: M_VAV02 | F13: 전동식(2상식) 버터플라이 밸브 | G13: Motorized 2-Phase Butterfly Valve | H13: 4 | I13: TRUE | J13: 2
B14: WAI_DESIGN_APP | C14: ELECTRIC_VALVE | D14: M_VAV0203 | E14: M_VAV02 | F14: 유압식 버터플라이 밸브 | G14: Hydraulic Butterfly Valve | H14: 4 | I14: TRUE | J14: 3
B15: WAI_DESIGN_APP | C15: ELECTRIC_VALVE | D15: M_VAV0204 | E15: M_VAV02 | F15: 공압식 버터플라이 밸브 | G15: Pneumatic Butterfly Valve | H15: 4 | I15: TRUE | J15: 4
B16: WAI_DESIGN_APP | C16: ELECTRIC_VALVE | D16: M_VAV0205 | E16: M_VAV02 | F16: 공압식 버터플라이 컨트롤밸브 | G16: Pneumatic Butterfly Control Valve | H16: 4 | I16: TRUE | J16: 5
B17: WAI_DESIGN_APP | C17: ELECTRIC_VALVE | D17: M_VAV03 | E17: M_VALV | F17: 체크밸브 | G17: Check Valve | H17: 3 | J17: 3
B18: WAI_DESIGN_APP | C18: ELECTRIC_VALVE | D18: M_VAV0301 | E18: M_VAV03 | F18: 전동식(1상식) 체크 밸브 | G18: Motorized 1-Phase Check Valve | H18: 4 | I18: TRUE | J18: 1
B19: WAI_DESIGN_APP | C19: ELECTRIC_VALVE | D19: M_VAV0302 | E19: M_VAV03 | F19: 전동식(2상식) 체크 밸브 | G19: Motorized 2-Phase Check Valve | H19: 4 | I19: TRUE | J19: 2
B20: WAI_DESIGN_APP | C20: ELECTRIC_VALVE | D20: M_VAV0303 | E20: M_VAV03 | F20: 유압식 체크 밸브 | G20: Hydraulic Check Valve | H20: 4 | I20: TRUE | J20: 3
B21: WAI_DESIGN_APP | C21: ELECTRIC_VALVE | D21: M_VAV0304 | E21: M_VAV03 | F21: 공압식 체크 밸브 | G21: Pneumatic Check Valve | H21: 4 | I21: TRUE | J21: 4
B22: WAI_DESIGN_APP | C22: ELECTRIC_VALVE | D22: M_VAV04 | E22: M_VALV | F22: 볼밸브 | G22: Ball Valve | H22: 3 | J22: 4
B23: WAI_DESIGN_APP | C23: ELECTRIC_VALVE | D23: M_VAV0401 | E23: M_VAV04 | F23: 전동식(1상식) 볼 밸브 | G23: Motorized 1-Phase Ball Valve | H23: 4 | I23: TRUE | J23: 1
B24: WAI_DESIGN_APP | C24: ELECTRIC_VALVE | D24: M_VAV0402 | E24: M_VAV04 | F24: 전동식(2상식) 볼 밸브 | G24: Motorized 2-Phase Ball Valve | H24: 4 | I24: TRUE | J24: 2
B25: WAI_DESIGN_APP | C25: ELECTRIC_VALVE | D25: M_VAV0403 | E25: M_VAV04 | F25: 유압식 볼 밸브 | G25: Hydraulic Ball Valve | H25: 4 | I25: TRUE | J25: 3
B26: WAI_DESIGN_APP | C26: ELECTRIC_VALVE | D26: M_VAV0404 | E26: M_VAV04 | F26: 공압식 볼 밸브 | G26: Pneumatic Ball Valve | H26: 4 | I26: TRUE | J26: 4
B27: WAI_DESIGN_APP | C27: ELECTRIC_VALVE | D27: M_VAV05 | E27: M_VALV | F27: 다이아프램밸브 | G27: Diaphragm Valve | H27: 3 | J27: 5
B28: WAI_DESIGN_APP | C28: ELECTRIC_VALVE | D28: M_VAV0501 | E28: M_VAV05 | F28: 전동식(1상식) 다이아프램밸브 밸브 | G28: Motorized 1-Phase Diaphragm Valve | H28: 4 | I28: TRUE | J28: 1
B29: WAI_DESIGN_APP | C29: ELECTRIC_VALVE | D29: M_VAV0502 | E29: M_VAV05 | F29: 전동식(2상식) 다이아프램밸브 밸브 | G29: Motorized 2-Phase Diaphragm Valve | H29: 4 | I29: TRUE | J29: 2
B30: WAI_DESIGN_APP | C30: ELECTRIC_VALVE | D30: M_VAV0503 | E30: M_VAV05 | F30: 유압식 다이아프램밸브 밸브 | G30: Hydraulic Diaphragm Valve | H30: 4 | I30: TRUE | J30: 3
B31: WAI_DESIGN_APP | C31: ELECTRIC_VALVE | D31: M_VAV0504 | E31: M_VAV05 | F31: 공압식 다이아프램밸브 밸브 | G31: Pneumatic Diaphragm Valve | H31: 4 | I31: TRUE | J31: 4
B32: WAI_DESIGN_APP | C32: ELECTRIC_VALVE | D32: M_VAV06 | E32: M_VALV | F32: 글로우버밸브 | G32: Globe Valve | H32: 3 | J32: 6
B33: WAI_DESIGN_APP | C33: ELECTRIC_VALVE | D33: M_VAV0601 | E33: M_VAV06 | F33: 전동식(1상식) 글로우버 밸브 | G33: Motorized 1-Phase Globe Valve | H33: 4 | I33: TRUE | J33: 1
B34: WAI_DESIGN_APP | C34: ELECTRIC_VALVE | D34: M_VAV0602 | E34: M_VAV06 | F34: 전동식(2상식) 글로우버 밸브 | G34: Motorized 2-Phase Globe Valve | H34: 4 | I34: TRUE | J34: 2
B35: WAI_DESIGN_APP | C35: ELECTRIC_VALVE | D35: M_VAV0603 | E35: M_VAV06 | F35: 유압식 글로우버 밸브 | G35: Hydraulic Globe Valve | H35: 4 | I35: TRUE | J35: 3
B36: WAI_DESIGN_APP | C36: ELECTRIC_VALVE | D36: M_VAV0604 | E36: M_VAV06 | F36: 공압식 글로우버 밸브 | G36: Pneumatic Globe Valve | H36: 4 | I36: TRUE | J36: 4
B37: WAI_DESIGN_APP | C37: ELECTRIC_VALVE | D37: M_VAV07 | E37: M_VALV | F37: 자동제어밸브 | G37: Control Valve | H37: 3 | J37: 7
B38: WAI_DESIGN_APP | C38: ELECTRIC_VALVE | D38: M_VAV0701 | E38: M_VAV07 | F38: 감압밸브 | G38: Pressure Reducing Valve | H38: 4 | I38: TRUE | J38: 1
B39: WAI_DESIGN_APP | C39: ELECTRIC_VALVE | D39: M_VAV0702 | E39: M_VAV07 | F39: 차압밸브 | G39: Differential Pressure Valve | H39: 4 | I39: TRUE | J39: 2
B40: WAI_DESIGN_APP | C40: ELECTRIC_VALVE | D40: M_VAV0703 | E40: M_VAV07 | F40: 밸런싱밸브 | G40: Balancing Valve | H40: 4 | I40: TRUE | J40: 3
B41: WAI_DESIGN_APP | C41: ELECTRIC_VALVE | D41: M_VAV0704 | E41: M_VAV07 | F41: 수위조절밸브 | G41: Level Control Valve | H41: 4 | I41: TRUE | J41: 4
B42: WAI_DESIGN_APP | C42: ELECTRIC_VALVE | D42: M_VAV0705 | E42: M_VAV07 | F42: 온도조절밸브 | G42: Temperature Control Valve | H42: 4 | I42: TRUE | J42: 5
B43: WAI_DESIGN_APP | C43: ELECTRIC_VALVE | D43: M_VAV0706 | E43: M_VAV07 | F43: 차압유량조절밸브 | G43: Differential Pressure Flow Control Valve | H43: 4 | I43: TRUE | J43: 6
B44: WAI_DESIGN_APP | C44: ELECTRIC_VALVE | D44: M_VAV99 | E44: M_VALV | F44: 기타 밸브 | G44: Other Types of Valves | H44: 3 | I44: TRUE | J44: 8
B45: WAI_DESIGN_APP | C45: PUMPS | D45: M_PUMP | E45: EQUIP | F45: 펌프 | G45: Pump | H45: 2 | J45: 2 | K45: RDS16765614
B46: WAI_DESIGN_APP | C46: PUMPS | D46: M_PMP01 | E46: M_PUMP | F46: 활성 슬러지 펌프 | G46: Activated Sludge Pump | H46: 3 | I46: TRUE | J46: 1 | K46: RDS416834
B47: WAI_DESIGN_APP | C47: PUMPS | D47: M_PMP02 | E47: M_PUMP | F47: 원심펌프 | G47: Centrifugal Pump | H47: 3 | J47: 2 | K47: RDS16765074
B48: WAI_DESIGN_APP | C48: PUMPS | D48: M_PMP0201 | E48: M_PMP02 | F48: 축류펌프 | G48: Axial Flow Pump | H48: 4 | I48: TRUE | J48: 1 | K48: RDS12957286
B49: WAI_DESIGN_APP | C49: PUMPS | D49: M_PMP0202 | E49: M_PMP02 | F49: 원심하수펌프 | G49: Centrifugal Sewage PUMP | H49: 4 | I49: TRUE | J49: 2 | K49: RDS12957061
B50: WAI_DESIGN_APP | C50: PUMPS | D50: M_PMP0203 | E50: M_PMP02 | F50: 반경류형펌프 | G50: Radial Flow Pump | H50: 4 | I50: TRUE | J50: 3 | K50: RDS402783451
B51: WAI_DESIGN_APP | C51: PUMPS | D51: M_PMP020301 | E51: M_PMP0203 | F51: 볼류터펌프 | G51: Volute Pump | H51: 4 | I51: TRUE | J51: 4
B52: WAI_DESIGN_APP | C52: PUMPS | D52: M_PMP0204 | E52: M_PMP02 | F52: 육상원심펌프 | G52: Horizontal Centrifugal Pump | H52: 4 | I52: TRUE | J52: 5
A53: 260416 | B53: WAI_DESIGN_APP | C53: PUMPS | D53: M_PMP0205 | E53: M_PMP02 | F53: 인라인펌프 | G53: In-line Pump | H53: 4 | I53: TRUE | J53: 6 | L53: 온수 공급용
B54: WAI_DESIGN_APP | C54: PUMPS | D54: M_PMP03 | E54: M_PUMP | F54: 수중모터펌프 | G54: Submersible Motor Pump | H54: 3 | J54: 3
B55: WAI_DESIGN_APP | C55: PUMPS | D55: M_PMP0301 | E55: M_PMP03 | F55: 수중오수모터펌프 | G55: Submersible Motor Pump | H55: 4 | I55: TRUE | J55: 1 | K55: RDS16766379
B56: WAI_DESIGN_APP | C56: PUMPS | D56: M_PMP0302 | E56: M_PMP03 | F56: 수중오수모터펌프(자동탈착식) | G56: Submersible Motor Pump(Automatic Coupling) | H56: 4 | I56: TRUE | J56: 2
B57: WAI_DESIGN_APP | C57: PUMPS | D57: M_PMP0303 | E57: M_PMP03 | F57: 수중오수모터펌프(VVVF) | G57: Submersible Motor Pump(VVVF) | H57: 4 | I57: TRUE | J57: 3
B58: WAI_DESIGN_APP | C58: PUMPS | D58: M_PMP04 | E58: M_PUMP | F58: 약품펌프 | G58: Chemical Injection Pump | H58: 3 | I58: TRUE | J58: 4 | K58: RDS305684
B59: WAI_DESIGN_APP | C59: PUMPS | D59: M_PMP05 | E59: M_PUMP | F59: 양수펌프 | G59: Lift Pump | H59: 3 | I59: TRUE | J59: 5 | K59: RDS409804301
B60: WAI_DESIGN_APP | C60: PUMPS | D60: M_PMP06 | E60: M_PUMP | F60: 무폐쇄형 펌프 | G60: Non-Clog Pump | H60: 3 | J60: 6
B61: WAI_DESIGN_APP | C61: PUMPS | D61: M_PMP0601 | E61: M_PMP06 | F61: 스프르트펌프 | G61: Spurt Pump | H61: 4 | I61: TRUE | J61: 1 | K61: RDS416924
B62: WAI_DESIGN_APP | C62: PUMPS | D62: M_PMP0602 | E62: M_PMP06 | F62: 스프르트펌프(VVVF) | G62: Spurt Pump(VVVF) | H62: 4 | I62: TRUE | J62: 2
B63: WAI_DESIGN_APP | C63: PUMPS | D63: M_PMP07 | E63: M_PUMP | F63: 용적형 펌프 | G63: Positive Displacement Pump | H63: 3 | J63: 7 | K63: RDS416969
B64: WAI_DESIGN_APP | C64: PUMPS | D64: M_PMP0701 | E64: M_PMP07 | F64: 왕복동펌프 | G64: Reciprocating Pump | H64: 4 | I64: TRUE | J64: 1 | K64: RDS400026131
B65: WAI_DESIGN_APP | C65: PUMPS | D65: M_PMP070101 | E65: M_PMP0701 | F65: 다이아프램펌프 | G65: Diaphragm Pump | H65: 4 | I65: TRUE | J65: 2 | K65: RDS420749
B66: WAI_DESIGN_APP | C66: PUMPS | D66: M_PMP08 | E66: M_PUMP | F66: 회전펌프 | G66: Rotary Pump | H66: 3 | J66: 8 | K66: RDS433979
B67: WAI_DESIGN_APP | C67: PUMPS | D67: M_PMP0801 | E67: M_PMP08 | F67: 기어펌프 | G67: Gear Pump | H67: 4 | I67: TRUE | J67: 1 | K67: RDS6231100
B68: WAI_DESIGN_APP | C68: PUMPS | D68: M_PMP0802 | E68: M_PMP08 | F68: 마그네틱 로터리 펌프 | G68: Magnetic Drive Rotary Pump | H68: 4 | I68: TRUE | J68: 2 | K68: RDS432809
B69: WAI_DESIGN_APP | C69: PUMPS | D69: M_PMP0803 | E69: M_PMP08 | F69: 스크류펌프 | G69: Screw Pump | H69: 4 | I69: TRUE | J69: 3 | K69: RDS814049
B70: WAI_DESIGN_APP | C70: PUMPS | D70: M_PMP080301 | E70: M_PMP0803 | F70: 일축스크류(모노)펌프 | G70: Eccentric Helical Rotor Pump | H70: 4 | I70: TRUE | J70: 4
B71: WAI_DESIGN_APP | C71: PUMPS | D71: M_PMP080302 | E71: M_PMP0803 | F71: 일축스크류(모노)펌프(VVVF) | G71: Eccentric Helical Rotor Pump(VVVF) | H71: 4 | I71: TRUE | J71: 5
B72: WAI_DESIGN_APP | C72: PUMPS | D72: M_PMP09 | E72: M_PUMP | F72: 부스터펌프(VVVF) | G72: Pipeline Booster Pump(VVVF) | H72: 3 | I72: TRUE | J72: 9
B73: WAI_DESIGN_APP | C73: PUMPS | D73: M_PMP10 | E73: M_PUMP | F73: 전동기 직렬펌프 | G73: Electric Motor Series Pump | H73: 3 | I73: TRUE | J73: 10 | K73: RDS12957691
B74: WAI_DESIGN_APP | C74: PUMPS | D74: M_PMP11 | E74: M_PUMP | F74: 오수용펌프 | G74: Sewage Pump | H74: 3 | I74: TRUE | J74: 11 | K74: RDS16765569
B75: WAI_DESIGN_APP | C75: PUMPS | D75: M_PMP12 | E75: M_PUMP | F75: 슬러지펌프 | G75: Sludge Pump | H75: 3 | I75: TRUE | J75: 12 | K75: RDS426409661
B76: WAI_DESIGN_APP | C76: PUMPS | D76: M_PMP13 | E76: M_PUMP | F76: 배수펌프 | G76: Sump Pump | H76: 3 | I76: TRUE | J76: 13 | K76: RDS417104
B77: WAI_DESIGN_APP | C77: PUMPS | D77: M_PMP14 | E77: M_PUMP | F77: 진공펌프 | G77: Vacuum Pump | H77: 3 | J77: 14 | K77: RDS437129
B78: WAI_DESIGN_APP | C78: PUMPS | D78: M_PMP1401 | E78: M_PMP14 | F78: 이젝터 | G78: Ejector | H78: 4 | I78: TRUE | J78: 1 | K78: RDS5770157
B79: WAI_DESIGN_APP | C79: PUMPS | D79: M_PMP140101 | E79: M_PMP1401 | F79: 에어이젝터 | G79: Air Ejector | H79: 4 | I79: TRUE | J79: 2
B80: WAI_DESIGN_APP | C80: PUMPS | D80: M_PMP1402 | E80: M_PMP14 | F80: 수봉식 진공펌프 | G80: Liquid Ring Vacuum Pump | H80: 4 | I80: TRUE | J80: 3
B81: WAI_DESIGN_APP | C81: PUMPS | D81: M_PMP99 | E81: M_PUMP | F81: 기타 펌프 | G81: Other Types of Pumps | H81: 3 | I81: TRUE | J81: 15
B82: WAI_DESIGN_APP | C82: CSNGRU | D82: M_CSGR | E82: EQUIP | F82: 협잡물종합처리기 | G82: Combined Screenings and Grit Removal Unit | H82: 2 | J82: 3
B83: WAI_DESIGN_APP | C83: CSNGRU | D83: M_CSG01 | E83: M_CSGR | F83: 침사 및 협잡물 제거설비 | G83: Screenings and Grit Removal Unit | H83: 3 | I83: TRUE | J83: 1
B84: WAI_DESIGN_APP | C84: CSNGRU | D84: M_CSG99 | E84: M_CSGR | F84: 기타 협잡물종합처리기 | G84: Other Types of SGRU | H84: 3 | I84: TRUE | J84: 1
B85: WAI_DESIGN_APP | C85: A_BLOWER | D85: M_AEBL | E85: EQUIP | F85: 송풍기 | G85: Aeration Blower | H85: 2 | J85: 4
B86: WAI_DESIGN_APP | C86: A_BLOWER | D86: M_AEB01 | E86: M_AEBL | F86: 터보 블로워 | G86: Turbo Blower | H86: 3 | J86: 1
B87: WAI_DESIGN_APP | C87: A_BLOWER | D87: M_AEB0101 | E87: M_AEB01 | F87: 터보 블로워(VVVF) | G87: Turbo Blower(VVVF) | H87: 4 | I87: TRUE | J87: 1
B88: WAI_DESIGN_APP | C88: A_BLOWER | D88: M_AEB0102 | E88: M_AEB01 | F88: 단단 터보 블로워 | G88: Single-Stage Turbo Blower | H88: 4 | I88: TRUE | J88: 2
B89: WAI_DESIGN_APP | C89: A_BLOWER | D89: M_AEB0103 | E89: M_AEB01 | F89: 다단 터보 블로워 | G89: Multi-Stage Turbo Blower | H89: 4 | I89: TRUE | J89: 3
B90: WAI_DESIGN_APP | C90: A_BLOWER | D90: M_AEB02 | E90: M_AEBL | F90: 다익 블로워 | G90: Diaphragm Blower | H90: 3 | I90: TRUE | J90: 2
B91: WAI_DESIGN_APP | C91: A_BLOWER | D91: M_AEB03 | E91: M_AEBL | F91: 축류 블로워 | G91: Axial Flow Blower | H91: 3 | I91: TRUE | J91: 3
B92: WAI_DESIGN_APP | C92: A_BLOWER | D92: M_AEB04 | E92: M_AEBL | F92: 로터리 블로워 | G92: Rotary Blower | H92: 3 | J92: 4
B93: WAI_DESIGN_APP | C93: A_BLOWER | D93: M_AEB0401 | E93: M_AEB04 | F93: 루츠 블로워 | G93: Roots Blower | H93: 4 | I93: TRUE | J93: 1
B94: WAI_DESIGN_APP | C94: A_BLOWER | D94: M_AEB0402 | E94: M_AEB04 | F94: 루츠 블로워(VVVF) | G94: Roots Blower(VVVF) | H94: 4 | I94: TRUE | J94: 2
B95: WAI_DESIGN_APP | C95: A_BLOWER | D95: M_AEB05 | E95: M_AEBL | F95: 소형휀, 환풍기 | G95: Ventilation Fan/Exhaust Fan | H95: 3 | I95: TRUE | J95: 5
B96: WAI_DESIGN_APP | C96: A_BLOWER | D96: M_AEB06 | E96: M_AEBL | F96: 링 블로워 | G96: Ring Blower | H96: 3 | I96: TRUE | J96: 6
B97: WAI_DESIGN_APP | C97: A_BLOWER | D97: M_AEB99 | E97: M_AEBL | F97: 기타 송풍기 | G97: Other Types of Air Blowers | H97: 3 | I97: TRUE | J97: 99
B98: WAI_DESIGN_APP | C98: AGITATOR | D98: M_AGTR | E98: EQUIP | F98: 교반기 | G98: Agitator | H98: 2 | J98: 5
B99: WAI_DESIGN_APP | C99: AGITATOR | D99: M_AGT01 | E99: M_AGTR | F99: 플래시믹서 | G99: Flash Mixer | H99: 3 | I99: TRUE | J99: 1
B100: WAI_DESIGN_APP | C100: AGITATOR | D100: M_AGT02 | E100: M_AGTR | F100: 펌프확산방식 교반기 | G100: Pump Circulation Mixer | H100: 3 | I100: TRUE | J100: 2
B101: WAI_DESIGN_APP | C101: AGITATOR | D101: M_AGT03 | E101: M_AGTR | F101: 고정오리피스식 | G101: Fixed Orifice Type | H101: 3 | I101: TRUE | J101: 3
...

Sheet 기자재코드
C2: 그룹코드 | D2: 코드 | E2: 부모코드 | F2: 코드값명(국문명) | G2: 코드값명(영문명) | H2: 레벨 | I2: 순서
C3: ARTEFACT | D3: ARTF | F3: 기자재 | G3: Artefact | H3: 1
C4: EQUIP_PARTS | D4: EQP_PTS | E4: ARTF | F4: 기계 부품 | G4: Equipment Parts | H4: 2 | I4: 1
C5: EQUIP_PARTS | D5: P_MOTR | E5: EQP_PTS | F5: 펌프 모터 | G5: Pump Motor | H5: 3 | I5: 1
C6: EQUIP_PARTS | D6: P_MOT01 | E6: P_MOTR | F6: 유도전동기(삼성전폐) | G6: 유도전동기(삼성전폐) | H6: 4 | I6: 1
C7: EQUIP_PARTS | D7: P_MOT02 | E7: P_MOTR | F7: 유도전동기(삼성반폐) | G7: 유도전동기(삼성반폐) | H7: 4 | I7: 2
C8: EQUIP_PARTS | D8: P_MOT99 | E8: P_MOTR | F8: 기타 펌프모터 | G8: Other Types of Pump Motors | H8: 4 | I8: 3
C9: EQUIP_PARTS | D9: S_VALV | E9: EQP_PTS | F9: 밸브 실링 | G9: Valve Sealing | H9: 3 | I9: 2
C10: EQUIP_PARTS | D10: S_VAV01 | E10: E_VAV_SL | F10: 고무 시트(EPDM) | G10: EPDM Seat | H10: 4 | I10: 1
C11: EQUIP_PARTS | D11: S_VAV02 | E11: E_VAV_SL | F11: 메탈 시트 | G11: Metal Seat | H11: 4 | I11: 2
C12: EQUIP_PARTS | D12: S_VAV03 | E12: E_VAV_SL | F12: 더블 디스크 | G12: Double Disk | H12: 4 | I12: 3
C13: EQUIP_PARTS | D13: S_VAV04 | E13: E_VAV_SL | F13: 플렉서블 웻지 디스크 | G13: Flexible Wedge Disk | H13: 4 | I13: 4
C14: EQUIP_PARTS | D14: S_VAV05 | E14: E_VAV_SL | F14: 분리형 디스크 | G14: Split Disk | H14: 4 | I14: 5
C15: EQUIP_PARTS | D15: S_VAV99 | E15: E_VAV_SL | F15: 기타 씰링 | G15: Other Types of Sealing | H15: 4 | I15: 6
... C31: EQUIP_PARTS | D31: S_SYS99 | E31: S_SYST | F31: 기타 기동방식 | G31: Other Types of Starting Method | H31: 4 | I31: 5

Sheet 재질코드
B2: system_code | C2: code_group | D2: code_key | E2: parent_key | F2: code_value | G2: code_value_en | H2: code_level | I2: is_leaf | J2: code_order | K2: iso15926_rdl | L2: description
B3: WAI_DESIGN_APP | C3: MATERIALS | D3: MATER | F3: 재질 | G3: Materials | H3: 1 | J3: 1
B4: WAI_DESIGN_APP | C4: MATERIALS_KS | D4: MATER_KS | E4: MATER | F4: 한국규격(KS)에 의한 표시기호 | G4: 한국규격(KS)에 의한 표시기호 | H4: 2 | J4: 1
B5: WAI_DESIGN_APP | C5: MATERIALS_KS | D5: GCD | E5: MATER_KS | F5: 구상흑연주철(GCD) | G5: Graphite Casting Ductile | H5: 3 | J5: 1
B6: WAI_DESIGN_APP | C6: MATERIALS_KS | D6: GCD450 | E6: GCD | F6: GCD450 | G6: Graphite Casting Ductile(450) | H6: 4 | I6: YES | J6: 1 | M6: 밸브
B7: WAI_DESIGN_APP | C7: MATERIALS_KS | D7: SCPH | E7: MATER_KS | F7: 고온고압용 주강(SCPH) | G7: Steel Casting Pressure High Temperature | H7: 3 | J7: 2
B8: WAI_DESIGN_APP | C8: MATERIALS_KS | D8: SCPH2 | E8: SCPH | F8: SCPH2 | G8: Steel Casting Pressure High Temperature(2) | H8: 4 | I8: YES | J8: 1 | M8: 밸브
B9: WAI_DESIGN_APP | C9: MATERIALS_KS | D9: SSC | E9: MATER_KS | F9: 스테인리스 주강(SSC) | G9: Steel Casting Stainless | H9: 3 | J9: 3 | L9: 주로 SCS로 표시하며 JIS에서도 사용
B10: WAI_DESIGN_APP | C10: MATERIALS_KS | D10: SSC13 | E10: MATER | F10: SSC13 | G10: Steel Casting Stainless(13) | H10: 4 | I10: YES | J10: 1 | M10: 밸브, 스프르트펌프
B11: WAI_DESIGN_APP | C11: MATERIALS_KS | D11: STEEL_FORGING | E11: MATER_KS | F11: 탄소강 단강(SF) | G11: Carbon Steel Forgings | H11: 3 | J11: 4
B12: WAI_DESIGN_APP | C12: MATERIALS_KS | D12: SF440A | E12: STEEL_FORGING | F12: SF440A | G12: Carbon Steel Forgings(440A) | H12: 4 | I12: YES | J12: 1 | M12: 밸브
B13: WAI_DESIGN_APP | C13: MATERIALS_KS | D13: GRAY_CAST | E13: MATER_KS | F13: 회주철(GC) | G13: Gray Cast Iron | H13: 3 | J13: 5
B14: WAI_DESIGN_APP | C14: MATERIALS_KS | D14: GC200 | E14: MATER | F14: GC200 | G14: Gray Cast Iron(200) | H14: 4 | I14: YES | J14: 1 | M14: 스프르트펌프
B15: WAI_DESIGN_APP | C15: MATERIALS_KS | D15: GC250 | E15: MATER | F15: GC250 | G15: Gray Cast Iron(250) | H15: 4 | I15: YES | J15: 2 | M15: 일축스크류(모노)펌프
B16: WAI_DESIGN_APP | C16: MATERIALS_KS | D16: STEEL_MACH_C | E16: MATER_KS | F16: 기계 구조용 탄소 강재(SM) | G16: Steel Machine Carbon | H16: 3 | J16: 6
B17: WAI_DESIGN_APP | C17: MATERIALS_KS | D17: SM45C | E17: STEEL_MACH_C | F17: SM45C | G17: Steel Machine Carbon(45) | H17: 4 | I17: YES | J17: 1 | M17: 모노펌프부품
B18: WAI_DESIGN_APP | C18: MATERIALS_KS | D18: SNCM | E18: MATER_KS | F18: 니켈 크롬 몰리브덴강(SNCM) | G18: Steel Nickel Chromium Molybdenum | H18: 3 | J18: 7
B19: WAI_DESIGN_APP | C19: MATERIALS_KS | D19: SNCM21 | E19: SNCM | F19: SNCM21 | G19: Steel Nickel Chromium Molybdenum(21) | H19: 4 | I19: YES | J19: 1 | M19: 모노펌프부품
B20: WAI_DESIGN_APP | C20: MATERIALS_KS | D20: STD | E20: MATER_KS | F20: 합금공구강(STD) | G20: Steel Tool Dies | H20: 3 | J20: 8
B21: WAI_DESIGN_APP | C21: MATERIALS_KS | D21: STD11 | E21: STD | F21: STD11 | G21: Steel Tool Dies(11) | H21: 4 | I21: YES | J21: 1 | M21: 모노펌프부품
B22: WAI_DESIGN_APP | C22: MATERIALS_KS | D22: STD11_STS304 | E22: STD | F22: STD11/STS304 | G22: STD11/STS304 | H22: 4 | I22: YES | J22: 2 | M22: 모노펌프부품
B23: WAI_DESIGN_APP | C23: MATERIALS_KS | D23: STAINLESS_STEEL | E23: MATER_KS | F23: 스테인리스강(STS) | G23: Stainless Steel | H23: 3 | J23: 9
B24: WAI_DESIGN_APP | C24: MATERIALS_KS | D24: STS304 | E24: STAINLESS_STEEL | F24: STS304 | G24: Stainless Steel(304) | H24: 4 | I24: YES | J24: 1 | M24: 모노펌프부품
B25: WAI_DESIGN_APP | C25: MATERIALS_KS | D25: STS304_HCr | E25: STAINLESS_STEEL | F25: STS304 고크롬 | G25: Stainless Steel(304) High Chromium | H25: 4 | I25: YES | J25: 2 | M25: 모노펌프부품
B26: WAI_DESIGN_APP | C26: MATERIALS_KS | D26: STS316 | E26: STAINLESS_STEEL | F26: STS316 몰리브덴 | G26: Stainless Steel(316) Molybdenum | H26: 4 | I26: YES | J26: 3 | M26: 모노펌프부품
B27: WAI_DESIGN_APP | C27: MATERIALS_RUBBER | D27: MATER_RUBBER | E27: MATER | F27: 고무 표시기호 | G27: Rubber | H27: 2 | J27: 2
B28: WAI_DESIGN_APP | C28: MATERIALS | D28: NBR | E28: MATER_RUBBER | F28: 니트릴 고무(NBR) | G28: Nitrile Butadiene Rubber | H28: 3 | I28: YES | J28: 1 | M28: 모노펌프부품
B29: WAI_DESIGN_APP | C29: MATERIALS | D29: NBR_EPDM | E29: MATER_RUBBER | F29: NBR/EPDM | G29: NBR/EPDM | H29: 3 | I29: YES | J29: 2 | M29: 모노펌프부품
B30: WAI_DESIGN_APP | C30: MATERIALS | D30: EPDM | E30: MATER_RUBBER | F30: 에틸렌 프로필렌 고무(EPDM) | G30: Ethylene Propylene Diene Monomer | H30: 3 | I30: YES | J30: 3 | M30: 모노펌프부품
B31: WAI_DESIGN_APP | C31: MATERIALS | D31: FKM | E31: MATER_RUBBER | F31: 불소화 엘라스토머(FKM) | G31: Fluoropolymer | H31: 3 | J31: 4
B32: WAI_DESIGN_APP | C32: MATERIALS | D32: VITON | E32: FKM | F32: Viton™ | G32: Viton™ | H32: 4 | I32: YES | J32: 1 | L32: 듀퐁사 브랜드 | M32: 모노펌프부품
B33: WAI_DESIGN_APP | C33: MATERIALS_PLASTIC | D33: MATER_PLASTIC | E33: MATER | F33: 플라스틱 표시기호 | G33: Plastic | H33: 2 | J33: 3
B34: WAI_DESIGN_APP | C34: MATERIALS | D34: PP | E34: MATER_PLASTIC | F34: 폴리프로필렌(PP) | G34: Polypropylene | H34: 3 | I34: YES | J34: 1 | M34: 다이아프램펌프
B35: WAI_DESIGN_APP | C35: MATERIALS | D35: PVDF | E35: MATER_PLASTIC | F35: 폴리비닐리덴 플루오라이드(PVDF) | G35: Polyvinylidene Fluoride | H35: 3 | I35: YES | J35: 2 | M35: 다이아프램펌프
B36: WAI_DESIGN_APP | C36: MATERIALS_JIS | D36: MATER_JIS | E36: MATER | F36: 일본규격(JIS)에 의한 표시기호 | G36: 일본규격(JIS)에 의한 표시기호 | H36: 2 | J36: 4
B37: WAI_DESIGN_APP | C37: MATERIALS_JIS | D37: SKD | E37: MATER_JIS | F37: 합금공구강(SKD) | G37: Steel Kougu Dice(SKD) | H37: 3 | J37: 1 | L37: KS규격 STD11과 매우 유사 | M37: 모노펌프부품
B38: WAI_DESIGN_APP | C38: MATERIALS_JIS | D38: SKD11 | E38: MATER_JIS | F38: SKD11 | G38: SKD11 | H38: 4 | I38: YES | J38: 1 | L38: KS규격 STD11과 매우 유사
B39: WAI_DESIGN_APP | C39: MATERIALS_JIS | F39: 스테인리스강(SUS) | G39: Steel Use Stainless(SUS) | H39: 3
B40: WAI_DESIGN_APP | C40: MATERIALS_JIS | D40: STS304 | E40: STAINLESS_STEEL | F40: SUS304 | G40: Stainless Steel(304) | H40: 4 | I40: YES | J40: 1 | L40: KS규격 STS304와 동일 | M40: 모노펌프부품
B41: WAI_DESIGN_APP | C41: MATERIALS | D41: MOB99 | E41: MATER | F41: 기타 재질 | G41: Other Types of Materials | H41: 2 | J41: 5

Sheet 공급업체코드
B2: vendor_id | C2: vendor_name_en | D2: vendor_name_kr
B3: VM_0000 | C3: Non-designated company | D3: 미지정업체
B4: VM_BKT | C4: BKT | D4: (주)부강테크
B5: VM_BKT_SJ | C5: BKT/SJ | D5: (주)부강테크/삼진
B6: VM_BKT_CD_VM | C6: BKT/CS | D6: (주)부강테크/창신
B7: VM_BKT_TM | C7: BKT/TM | D7: (주)부강테크/터보맥스
B8: VM_BKT_HS | C8: BKT/HS | D8: (주)부강테크/한신테크노
B9: VM_HDHD_ELC | C9: HD Hyundai electric | D9: HD현대일렉트릭
B10: VM_LS_ELC | C10: LS ELECTRIC | D10: LS ELECTRIC
B11: VM_KB_ELC | C11: KyuongBo Electric | D11: 경보전기
B12: VM_KW_COMP | C12: Kyungwon Compressor | D12: 경원콤프레샤
B13: VM_KJ_IND | C13: Kyungjin Industrial | D13: 경진산업
... B51: VM_SJ_MTEC | C51: Sungjin M-Tec Co., Ltd | D51: 성진엠텍
A52: 260312 | B52: VM_DB_ENG | C52: DAI BONG ENGINEERING | D52: (주)대봉엔지니어링
B53: VM_DY_BLR | C53: DAEYEOL BOILER Co,. Ltd | D53: (주)대열보일러
B54: VM_TSNTEC | C54: TSNTEC Co., Ltd | D54: (주)티에스엔텍
B55: VM_WILO | C55: Wilo Pumps Ltd. | D55: 윌로펌프(주)
B56: VM_DH_GEN | C56: DAEHAN GENERATOR Co., Ltd. | D56: 대한발전기(주)

Sheet 열반응기
B1: 장비코드 | D1: 장비유형 | F1: 공급업체명 | G1: 모델명 | H1: 용량(㎥) | I1: 수량 | J1: 단위 | K1: 호표(1) | L1: 분류 | M1: 단가(원) | N1: 견적가(원) | O1: 단가출처 | P1: 사용여부 | Q1: 장비설명 | R1: 단위시스템코드
B2: equipment_code | C2: 작업용 필드 | D2: equipment_type | E2: 작업용 필드 | F2: vendor_id | G2: model_number | H2: i_capacity_m3 | I2: i_no_EA | J2: s_unit_NONE | K2: s_primary_item_no_NONE | L2: s_remark_NONE | M2: o_unit_price_KRW | N2: o_invoice_price_KRW | O2: o_price_reference | P2: is_active | Q2: description | R2: unit_system_code
B3: =D3&"_"&F3&"_"&H3&"_"&I3 -> M_THM0101_VM_BKT_2_2 | C3: =기계코드!F260 -> 열가수분해설비(D2-2) | D3: {=INDEX(기계코드!$D$4:$D$1022,MATCH(1,(C3=기계코드!$F$4:$F$1022)*1,0))} -> M_THM0101 | E3: (주)부강테크 | F3: {=INDEX(공급업체코드!$B$3:$B$1000,MATCH(1,(E3=공급업체코드!$D$3:$D$1000)*1,0))} -> VM_BKT | G3: =C3 -> 열가수분해설비(D2-2) | H3: 2 | I3: 2 | J3: 식 | L3: 공법 | M3: 999 | O3: 견적가 | P3: TRUE
B4: =D4&"_"&F4&"_"&H4&"_"&I4 -> M_THM0102_VM_BKT_2_3 | C4: =기계코드!F261 -> 열가수분해설비(D2-3) | D4: {=INDEX(기계코드!$D$4:$D$1022,MATCH(1,(C4=기계코드!$F$4:$F$1022)*1,0))} -> M_THM0102 | E4: (주)부강테크 | F4: {=INDEX(공급업체코드!$B$3:$B$1000,MATCH(1,(E4=공급업체코드!$D$3:$D$1000)*1,0))} -> VM_BKT | G4: =C4 -> 열가수분해설비(D2-3) | H4: 2 | I4: 3 | J4: 식 | L4: 공법 | M4: 999 | O4: 견적가 | P4: TRUE
B5: =D5&"_"&F5&"_"&H5&"_"&I5 -> M_THM0103_VM_BKT_2_4 | C5: =기계코드!F262 -> 열가수분해설비(D2-4) | D5: {=INDEX(기계코드!$D$4:$D$1022,MATCH(1,(C5=기계코드!$F$4:$F$1022)*1,0))} -> M_THM0103 | E5: (주)부강테크 | F5: {=INDEX(공급업체코드!$B$3:$B$1000,MATCH(1,(E5=공급업체코드!$D$3:$D$1000)*1,0))} -> VM_BKT | G5: =C5 -> 열가수분해설비(D2-4) | H5: 2 | I5: 4 | J5: 식 | L5: 공법 | M5: 999 | O5: 견적가 | P5: TRUE
B6: =D6&"_"&F6&"_"&H6&"_"&I6 -> M_THM0104_VM_BKT_3_3 | C6: =기계코드!F263 -> 열가수분해설비(D3-3) | D6: {=INDEX(기계코드!$D$4:$D$1022,MATCH(1,(C6=기계코드!$F$4:$F$1022)*1,0))} -> M_THM0104 | E6: (주)부강테크 | F6: {=INDEX(공급업체코드!$B$3:$B$1000,MATCH(1,(E6=공급업체코드!$D$3:$D$1000)*1,0))} -> VM_BKT | G6: =C6 -> 열가수분해설비(D3-3) | H6: 3 | I6: 3 | J6: 식 | L6: 공법 | M6: 999 | O6: 견적가 | P6: TRUE
B7: =D7&"_"&F7&"_"&H7&"_"&I7 -> M_THM0105_VM_BKT_3_4 | C7: =기계코드!F264 -> 열가수분해설비(D3-4) | D7: {=INDEX(기계코드!$D$4:$D$1022,MATCH(1,(C7=기계코드!$F$4:$F$1022)*1,0))} -> M_THM0105 | E7: (주)부강테크 | F7: {=INDEX(공급업체코드!$B$3:$B$1000,MATCH(1,(E7=공급업체코드!$D$3:$D$1000)*1,0))} -> VM_BKT | G7: =C7 -> 열가수분해설비(D3-4) | H7: 3 | I7: 4 | J7: 식 | L7: 공법 | M7: 999 | O7: 견적가 | P7: TRUE
B8: =D8&"_"&F8&"_"&H8&"_"&I8 -> M_THM0106_VM_BKT_6_3 | C8: =기계코드!F265 -> 열가수분해설비(D6-3) | D8: {=INDEX(기계코드!$D$4:$D$1022,MATCH(1,(C8=기계코드!$F$4:$F$1022)*1,0))} -> M_THM0106 | E8: (주)부강테크 | F8: {=INDEX(공급업체코드!$B$3:$B$1000,MATCH(1,(E8=공급업체코드!$D$3:$D$1000)*1,0))} -> VM_BKT | G8: =C8 -> 열가수분해설비(D6-3) | H8: 6 | I8: 3 | J8: 식 | L8: 공법 | M8: 999 | O8: 견적가 | P8: TRUE
B9: =D9&"_"&F9&"_"&H9&"_"&I9 -> M_THM0107_VM_BKT_6_4 | C9: =기계코드!F266 -> 열가수분해설비(D6-4) | D9: {=INDEX(기계코드!$D$4:$D$1022,MATCH(1,(C9=기계코드!$F$4:$F$1022)*1,0))} -> M_THM0107 | E9: (주)부강테크 | F9: {=INDEX(공급업체코드!$B$3:$B$1000,MATCH(1,(E9=공급업체코드!$D$3:$D$1000)*1,0))} -> VM_BKT | G9: =C9 -> 열가수분해설비(D6-4) | H9: 6 | I9: 4 | J9: 식 | L9: 공법 | M9: 999 | O9: 견적가 | P9: TRUE
B10: =D10&"_"&F10&"_"&H10&"_"&I10 -> M_THM0108_VM_BKT_9_3 | C10: =기계코드!F267 -> 열가수분해설비(D9-3) | D10: {=INDEX(기계코드!$D$4:$D$1022,MATCH(1,(C10=기계코드!$F$4:$F$1022)*1,0))} -> M_THM0108 | E10: (주)부강테크 | F10: {=INDEX(공급업체코드!$B$3:$B$1000,MATCH(1,(E10=공급업체코드!$D$3:$D$1000)*1,0))} -> VM_BKT | G10: =C10 -> 열가수분해설비(D9-3) | H10: 9 | I10: 3 | J10: 식 | L10: 공법 | M10: 999 | O10: 견적가 | P10: TRUE
B11: =D11&"_"&F11&"_"&H11&"_"&I11 -> M_THM0109_VM_BKT_9_4 | C11: =기계코드!F268 -> 열가수분해설비(D9-4) | D11: {=INDEX(기계코드!$D$4:$D$1022,MATCH(1,(C11=기계코드!$F$4:$F$1022)*1,0))} -> M_THM0109 | E11: (주)부강테크 | F11: {=INDEX(공급업체코드!$B$3:$B$1000,MATCH(1,(E11=공급업체코드!$D$3:$D$1000)*1,0))} -> VM_BKT | G11: =C11 -> 열가수분해설비(D9-4) | H11: 9 | I11: 4 | J11: 식 | L11: 공법 | M11: 999 | O11: 견적가 | P11: TRUE
B12: =D12&"_"&F12&"_"&H12&"_"&I12 -> M_THM0110_VM_BKT_12_4 | C12: =기계코드!F269 -> 열가수분해설비(D12-4) | D12: {=INDEX(기계코드!$D$4:$D$1022,MATCH(1,(C12=기계코드!$F$4:$F$1022)*1,0))} -> M_THM0110 | E12: (주)부강테크 | F12: {=INDEX(공급업체코드!$B$3:$B$1000,MATCH(1,(E12=공급업체코드!$D$3:$D$1000)*1,0))} -> VM_BKT | G12: =C12 -> 열가수분해설비(D12-4) | H12: 12 | I12: 4 | J12: 식 | L12: 공법 | M12: 999 | O12: 견적가 | P12: TRUE
B14: =D14&"_"&F14&"_"&H14&"_"&I14 -> M_THM0201_VM_BKT_2_2 | C14: =기계코드!F271 -> 수열탄화설비(2D-2) | D14: {=INDEX(기계코드!$D$4:$D$1022,MATCH(1,(C14=기계코드!$F$4:$F$1022)*1,0))} -> M_THM0201 | E14: (주)부강테크 | F14: {=INDEX(공급업체코드!$B$3:$B$1000,MATCH(1,(E14=공급업체코드!$D$3:$D$1000)*1,0))} -> VM_BKT | G14: =C14 -> 수열탄화설비(2D-2) | H14: 2 | I14: 2 | J14: 식 | L14: 공법 | M14: 999 | O14: 견적가 | P14: TRUE
B15: =D15&"_"&F15&"_"&H15&"_"&I15 -> M_THM0202_VM_BKT_2_3 | C15: =기계코드!F272 -> 수열탄화설비(2D-3) | D15: {=INDEX(기계코드!$D$4:$D$1022,MATCH(1,(C15=기계코드!$F$4:$F$1022)*1,0))} -> M_THM0202 | E15: (주)부강테크 | F15: {=INDEX(공급업체코드!$B$3:$B$1000,MATCH(1,(E15=공급업체코드!$D$3:$D$1000)*1,0))} -> VM_BKT | G15: =C15 -> 수열탄화설비(2D-3) | H15: 2 | I15: 3 | J15: 식 | L15: 공법 | M15: 999 | O15: 견적가 | P15: TRUE
... B23: =D23&"_"&F23&"_"&H23&"_"&I23 -> M_THM0210_VM_BKT_12_4 | C23: =기계코드!F280 -> 수열탄화설비(12D-4) | D23: {=INDEX(기계코드!$D$4:$D$1022,MATCH(1,(C23=기계코드!$F$4:$F$1022)*1,0))} -> M_THM0210 | E23: (주)부강테크 | F23: {=INDEX(공급업체코드!$B$3:$B$1000,MATCH(1,(E23=공급업체코드!$D$3:$D$1000)*1,0))} -> VM_BKT | G23: =C23 -> 수열탄화설비(12D-4) | H23: 12 | I23: 4 | J23: 식 | L23: 공법 | M23: 999 | O23: 견적가 | P23: TRUE

Sheet 보일러
B1: 장비코드 | D1: 장비유형 | F1: 공급업체명 | G1: 모델명 | H1: 열량(kcal/hr) | I1: 용량(kg/h) | J1: 동력(kW) | K1: 기동방식 | L1: 정격전압(V) | M1: 효율(%) | N1: 역률(%) | O1: 수용율(%) | P1: 총중량(kg) | Q1: 단위 | R1: 호표(1) | S1: 분류 | T1: 단가(원) | U1: 견적가(원) | V1: 단가출처 | W1: 사용여부 | X1: 장비설명 | Y1: 단위시스템코드
B2: equipment_code | C2: 작업용 필드 | D2: equipment_type | E2: 작업용 필드 | F2: vendor_id | G2: model_number | H2: i_calorie_kcal_h | I2: i_capacity_kg_h | J2: s_power_kW | K2: s_ctrl_method | L2: s_rated_volt_V | M2: s_efficiency_percent | N2: s_pwr_factor_percent | O2: s_demand_factor_percent | P2: s_total_wgt_kg | Q2: s_unit_NONE | R2: s_primary_item_no_NONE | S2: s_remark_NONE | T2: o_unit_price_KRW | U2: o_invoice_price_KRW | V2: o_price_reference | W2: is_active | X2: description | Y2: unit_system_code
B3: =D3&"_"&F3&"_"&G3&"_"&I3 -> M_BLR0101_VM_DY_BLR_DMXR-100PG_1000 | C3: 노통연관식 증기 보일러 (가스) | D3: {=INDEX(기계코드!$D$4:$D$1022,MATCH(1,(C3=기계코드!$F$4:$F$1022)*1,0))} -> M_BLR0101 | E3: (주)대열보일러 | F3: {=INDEX(공급업체코드!$B$3:$B$1000,MATCH(1,(E3=공급업체코드!$D$3:$D$1000)*1,0))} -> VM_DY_BLR | G3: ="DMXR-"&LEFT(I3,3)&"PG" -> DMXR-100PG | I3: 1000 | J3: =2.2*2+3.7 -> 8.1 | K3: S_SYS04 | L3: 380 | M3: 0.99 | N3: 0.9 | O3: 90 | P3: 6600 | Q3: 식 | T3: 125900000 | V3: 물가자료26년4월호908Page | W3: TRUE | X3: 초저녹스 고효율 콘덴싱 보일러
B4: =D4&"_"&F4&"_"&G4&"_"&I4 -> M_BLR0101_VM_DY_BLR_DMXR-150PG_1500 | C4: 노통연관식 증기 보일러 (가스) | D4: {=INDEX(기계코드!$D$4:$D$1022,MATCH(1,(C4=기계코드!$F$4:$F$1022)*1,0))} -> M_BLR0101 | E4: (주)대열보일러 | F4: {=INDEX(공급업체코드!$B$3:$B$1000,MATCH(1,(E4=공급업체코드!$D$3:$D$1000)*1,0))} -> VM_DY_BLR | G4: ="DMXR-"&LEFT(I4,3)&"PG" -> DMXR-150PG | I4: 1500 | J4: =2.2*2+5.5 -> 9.9 | K4: S_SYS04 | L4: 380 | M4: 0.99 | N4: 0.9 | O4: 90 | P4: 7600 | Q4: 식 | T4: 136400000 | V4: 물가자료26년4월호908Page | W4: TRUE | X4: 초저녹스 고효율 콘덴싱 보일러
B5: =D5&"_"&F5&"_"&G5&"_"&I5 -> M_BLR0101_VM_DY_BLR_DMXR-200PG_2000 | C5: 노통연관식 증기 보일러 (가스) | D5: {=INDEX(기계코드!$D$4:$D$1022,MATCH(1,(C5=기계코드!$F$4:$F$1022)*1,0))} -> M_BLR0101 | E5: (주)대열보일러 | F5: {=INDEX(공급업체코드!$B$3:$B$1000,MATCH(1,(E5=공급업체코드!$D$3:$D$1000)*1,0))} -> VM_DY_BLR | G5: ="DMXR-"&LEFT(I5,3)&"PG" -> DMXR-200PG | I5: 2000 | J5: =3*2+11 -> 17 | K5: S_SYS04 | L5: 380 | M5: 0.99 | N5: 0.9 | O5: 90 | P5: 8200 | Q5: 식 | T5: 155400000 | V5: 물가자료26년4월호908Page | W5: TRUE | X5: 초저녹스 고효율 콘덴싱 보일러
B6: =D6&"_"&F6&"_"&G6&"_"&I6 -> M_BLR0101_VM_DY_BLR_DMXR-250PG_2500 | C6: 노통연관식 증기 보일러 (가스) | D6: {=INDEX(기계코드!$D$4:$D$1022,MATCH(1,(C6=기계코드!$F$4:$F$1022)*1,0))} -> M_BLR0101 | E6: (주)대열보일러 | F6: {=INDEX(공급업체코드!$B$3:$B$1000,MATCH(1,(E6=공급업체코드!$D$3:$D$1000)*1,0))} -> VM_DY_BLR | G6: ="DMXR-"&LEFT(I6,3)&"PG" -> DMXR-250PG | I6: 2500 | J6: =3*2+11 -> 17 | K6: S_SYS04 | L6: 380 | M6: 0.99 | N6: 0.9 | O6: 90 | P6: 8600 | Q6: 식 | T6: 159100000 | V6: 물가자료26년4월호908Page | W6: TRUE | X6: 초저녹스 고효율 콘덴싱 보일러
B7: =D7&"_"&F7&"_"&G7&"_"&I7 -> M_BLR0101_VM_DY_BLR_DMXR-300PG_3000 | C7: 노통연관식 증기 보일러 (가스) | D7: {=INDEX(기계코드!$D$4:$D$1022,MATCH(1,(C7=기계코드!$F$4:$F$1022)*1,0))} -> M_BLR0101 | E7: (주)대열보일러 | F7: {=INDEX(공급업체코드!$B$3:$B$1000,MATCH(1,(E7=공급업체코드!$D$3:$D$1000)*1,0))} -> VM_DY_BLR | G7: ="DMXR-"&LEFT(I7,3)&"PG" -> DMXR-300PG | I7: 3000 | J7: =4*2+15 -> 23 | K7: S_SYS04 | L7: 380 | M7: 0.99 | N7: 0.9 | O7: 90 | P7: 9200 | Q7: 식 | T7: 168900000 | V7: 물가자료26년4월호908Page | W7: TRUE | X7: 초저녹스 고효율 콘덴싱 보일러
B8: =D8&"_"&F8&"_"&G8&"_"&I8 -> M_BLR0101_VM_DY_BLR_DMXR-350PG_3500 | C8: 노통연관식 증기 보일러 (가스) | D8: {=INDEX(기계코드!$D$4:$D$1022,MATCH(1,(C8=기계코드!$F$4:$F$1022)*1,0))} -> M_BLR0101 | E8: (주)대열보일러 | F8: {=INDEX(공급업체코드!$B$3:$B$1000,MATCH(1,(E8=공급업체코드!$D$3:$D$1000)*1,0))} -> VM_DY_BLR | G8: ="DMXR-"&LEFT(I8,3)&"PG" -> DMXR-350PG | I8: 3500 | J8: =4*2+15 -> 23 | K8: S_SYS04 | L8: 380 | M8: 0.99 | N8: 0.9 | O8: 90 | P8: 10300 | Q8: 식 | T8: 177700000 | V8: 물가자료26년4월호908Page | W8: TRUE | X8: 초저녹스 고효율 콘덴싱 보일러
B9: =D9&"_"&F9&"_"&G9&"_"&I9 -> M_BLR0101_VM_DY_BLR_DMXR-400PG_4000 | C9: 노통연관식 증기 보일러 (가스) | D9: {=INDEX(기계코드!$D$4:$D$1022,MATCH(1,(C9=기계코드!$F$4:$F$1022)*1,0))} -> M_BLR0101 | E9: (주)대열보일러 | F9: {=INDEX(공급업체코드!$B$3:$B$1000,MATCH(1,(E9=공급업체코드!$D$3:$D$1000)*1,0))} -> VM_DY_BLR | G9: ="DMXR-"&LEFT(I9,3)&"PG" -> DMXR-400PG | I9: 4000 | J9: =4*2+18.5 -> 26.5 | K9: S_SYS04 | L9: 380 | M9: 0.99 | N9: 0.9 | O9: 90 | P9: 12200 | Q9: 식 | T9: 187700000 | V9: 물가자료26년4월호908Page | W9: TRUE | X9: 초저녹스 고효율 콘덴싱 보일러
B10: =D10&"_"&F10&"_"&G10&"_"&I10 -> M_BLR0101_VM_DY_BLR_DMXR-450PG_4500 | C10: 노통연관식 증기 보일러 (가스) | D10: {=INDEX(기계코드!$D$4:$D$1022,MATCH(1,(C10=기계코드!$F$4:$F$1022)*1,0))} -> M_BLR0101 | E10: (주)대열보일러 | F10: {=INDEX(공급업체코드!$B$3:$B$1000,MATCH(1,(E10=공급업체코드!$D$3:$D$1000)*1,0))} -> VM_DY_BLR | G10: ="DMXR-"&LEFT(I10,3)&"PG" -> DMXR-450PG | I10: 4500 | J10: =4*2+22 -> 30 | K10: S_SYS04 | L10: 380 | M10: 0.99 | N10: 0.9 | O10: 90 | P10: 12600 | Q10: 식 | T10: 204500000 | V10: 물가자료26년4월호908Page | W10: TRUE | X10: 초저녹스 고효율 콘덴싱 보일러
B11: =D11&"_"&F11&"_"&G11&"_"&I11 -> M_BLR0101_VM_DY_BLR_DMXR-500PG_5000 | C11: 노통연관식 증기 보일러 (가스) | D11: {=INDEX(기계코드!$D$4:$D$1022,MATCH(1,(C11=기계코드!$F$4:$F$1022)*1,0))} -> M_BLR0101 | E11: (주)대열보일러 | F11: {=INDEX(공급업체코드!$B$3:$B$1000,MATCH(1,(E11=공급업체코드!$D$3:$D$1000)*1,0))} -> VM_DY_BLR | G11: ="DMXR-"&LEFT(I11,3)&"PG" -> DMXR-500PG | I11: 5000 | J11: =4*2+22 -> 30 | K11: S_SYS04 | L11: 380 | M11: 0.99 | N11: 0.9 | O11: 90 | P11: 19100 | Q11: 식 | T11: 219100000 | V11: 물가자료26년4월호908Page | W11: TRUE | X11: 초저녹스 고효율 콘덴싱 보일러
B12: =D12&"_"&F12&"_"&G12&"_"&I12 -> M_BLR0101_VM_DY_BLR_DMXR-600PG_6000 | C12: 노통연관식 증기 보일러 (가스) | D12: {=INDEX(기계코드!$D$4:$D$1022,MATCH(1,(C12=기계코드!$F$4:$F$1022)*1,0))} -> M_BLR0101 | E12: (주)대열보일러 | F12: {=INDEX(공급업체코드!$B$3:$B$1000,MATCH(1,(E12=공급업체코드!$D$3:$D$1000)*1,0))} -> VM_DY_BLR | G12: ="DMXR-"&LEFT(I12,3)&"PG" -> DMXR-600PG | I12: 6000 | J12: =5.5*2+30 -> 41 | K12: S_SYS04 | L12: 380 | M12: 0.99 | N12: 0.9 | O12: 90 | P12: 23600 | Q12: 식 | T12: 238500000 | V12: 물가자료26년4월호908Page | W12: TRUE | X12: 초저녹스 고효율 콘덴싱 보일러
B13: =D13&"_"&F13&"_"&G13&"_"&I13 -> M_BLR0101_VM_DY_BLR_DMXR-700PG_7000 | C13: 노통연관식 증기 보일러 (가스) | D13: {=INDEX(기계코드!$D$4:$D$1022,MATCH(1,(C13=기계코드!$F$4:$F$1022)*1,0))} -> M_BLR0101 | E13: (주)대열보일러 | F13: {=INDEX(공급업체코드!$B$3:$B$1000,MATCH(1,(E13=공급업체코드!$D$3:$D$1000)*1,0))} -> VM_DY_BLR | G13: ="DMXR-"&LEFT(I13,3)&"PG" -> DMXR-700PG | I13: 7000 | J13: =5.5*2+30 -> 41 | K13: S_SYS04 | L13: 380 | M13: 0.99 | N13: 0.9 | O13: 90 | P13: 27600 | Q13: 식 | T13: 266100000 | V13: 물가자료26년4월호908Page | W13: TRUE | X13: 초저녹스 고효율 콘덴싱 보일러
B14: =D14&"_"&F14&"_"&G14&"_"&I14 -> M_BLR0101_VM_DY_BLR_DMXR-800PG_8000 | C14: 노통연관식 증기 보일러 (가스) | D14: {=INDEX(기계코드!$D$4:$D$1022,MATCH(1,(C14=기계코드!$F$4:$F$1022)*1,0))} -> M_BLR0101 | E14: (주)대열보일러 | F14: {=INDEX(공급업체코드!$B$3:$B$1000,MATCH(1,(E14=공급업체코드!$D$3:$D$1000)*1,0))} -> VM_DY_BLR | G14: ="DMXR-"&LEFT(I14,3)&"PG" -> DMXR-800PG | I14: 8000 | J14: =7.5*2+37 -> 52 | K14: S_SYS04 | L14: 380 | M14: 0.99 | N14: 0.9 | O14: 90 | P14: 28200 | Q14: 식 | T14: 272800000 | V14: 물가자료26년4월호908Page | W14: TRUE | X14: 초저녹스 고효율 콘덴싱 보일러
B15: =D15&"_"&F15&"_"&G15&"_"&I15 -> M_BLR0101_VM_DY_BLR_DMXR-1000PG_10000 | C15: 노통연관식 증기 보일러 (가스) | D15: {=INDEX(기계코드!$D$4:$D$1022,MATCH(1,(C15=기계코드!$F$4:$F$1022)*1,0))} -> M_BLR0101 | E15: (주)대열보일러 | F15: {=INDEX(공급업체코드!$B$3:$B$1000,MATCH(1,(E15=공급업체코드!$D$3:$D$1000)*1,0))} -> VM_DY_BLR | G15: ="DMXR-"&LEFT(I15,4)&"PG" -> DMXR-1000PG | I15: 10000 | J15: =7.5*2+45 -> 60 | K15: S_SYS04 | L15: 380 | M15: 0.99 | N15: 0.9 | O15: 90 | P15: 28300 | Q15: 식 | T15: 333500000 | V15: 물가자료26년4월호908Page | W15: TRUE | X15: 초저녹스 고효율 콘덴싱 보일러
B16: =D16&"_"&F16&"_"&G16&"_"&I16 -> M_BLR0101_VM_DY_BLR_DMXR-1200PG_12000 | C16: 노통연관식 증기 보일러 (가스) | D16: {=INDEX(기계코드!$D$4:$D$1022,MATCH(1,(C16=기계코드!$F$4:$F$1022)*1,0))} -> M_BLR0101 | E16: (주)대열보일러 | F16: {=INDEX(공급업체코드!$B$3:$B$1000,MATCH(1,(E16=공급업체코드!$D$3:$D$1000)*1,0))} -> VM_DY_BLR | G16: ="DMXR-"&LEFT(I16,4)&"PG" -> DMXR-1200PG | I16: 12000 | J16: =11*2+55 -> 77 | K16: S_SYS04 | L16: 380 | M16: 0.99 | N16: 0.9 | O16: 90 | P16: 35200 | Q16: 식 | T16: 403600000 | V16: 물가자료26년4월호908Page | W16: TRUE | X16: 초저녹스 고효율 콘덴싱 보일러
B17: =D17&"_"&F17&"_"&G17&"_"&I17 -> M_BLR0101_VM_DY_BLR_DMXR-1500PG_15000 | C17: 노통연관식 증기 보일러 (가스) | D17: {=INDEX(기계코드!$D$4:$D$1022,MATCH(1,(C17=기계코드!$F$4:$F$1022)*1,0))} -> M_BLR0101 | E17: (주)대열보일러 | F17: {=INDEX(공급업체코드!$B$3:$B$1000,MATCH(1,(E17=공급업체코드!$D$3:$D$1000)*1,0))} -> VM_DY_BLR | G17: ="DMXR-"&LEFT(I17,4)&"PG" -> DMXR-1500PG | I17: 15000 | J17: =15*2+75 -> 105 | K17: S_SYS04 | L17: 380 | M17: 0.99 | N17: 0.9 | O17: 90 | P17: 36800 | Q17: 식 | T17: 426600000 | V17: 물가자료26년4월호908Page | W17: TRUE | X17: 초저녹스 고효율 콘덴싱 보일러
B18: =D18&"_"&F18&"_"&G18&"_"&I18 -> M_BLR0101_VM_DY_BLR_DMXR-2000PG_20000 | C18: 노통연관식 증기 보일러 (가스) | D18: {=INDEX(기계코드!$D$4:$D$1022,MATCH(1,(C18=기계코드!$F$4:$F$1022)*1,0))} -> M_BLR0101 | E18: (주)대열보일러 | F18: {=INDEX(공급업체코드!$B$3:$B$1000,MATCH(1,(E18=공급업체코드!$D$3:$D$1000)*1,0))} -> VM_DY_BLR | G18: ="DMXR-"&LEFT(I18,4)&"PG" -> DMXR-2000PG | I18: 20000 | J18: =15*2+90 -> 120 | K18: S_SYS04 | L18: 380 | M18: 0.99 | N18: 0.9 | O18: 90 | P18: 44600 | Q18: 식 | T18: 526600000 | V18: 물가자료26년4월호908Page | W18: TRUE | X18: 초저녹스 고효율 콘덴싱 보일러
B19: =D19&"_"&F19&"_"&G19&"_"&H19 -> M_BLR0201_VM_DY_BLR_DMXR-1PG_1000000 | C19: 노통연관식 온수 보일러 (가스) | D19: {=INDEX(기계코드!$D$4:$D$1022,MATCH(1,(C19=기계코드!$F$4:$F$1022)*1,0))} -> M_BLR0201 | E19: (주)대열보일러 | F19: {=INDEX(공급업체코드!$B$3:$B$1000,MATCH(1,(E19=공급업체코드!$D$3:$D$1000)*1,0))} -> VM_DY_BLR | G19: ="DMXR-"&LEFT(H19,1)&"PG" -> DMXR-1PG | H19: 1000000 | J19: =2.2*2+5.5 -> 9.9 | K19: S_SYS04 | L19: 380 | M19: 0.99 | N19: 0.9 | O19: 90 | P19: 7600 | Q19: 식 | T19: 117700000 | V19: 물가자료26년4월호908Page | W19: TRUE | X19: 초저녹스 고효율 콘덴싱 중온수 보일러
B20: =D20&"_"&F20&"_"&G20&"_"&H20 -> M_BLR0201_VM_DY_BLR_DMXR-1.5PG_1500000 | C20: 노통연관식 온수 보일러 (가스) | D20: {=INDEX(기계코드!$D$4:$D$1022,MATCH(1,(C20=기계코드!$F$4:$F$1022)*1,0))} -> M_BLR0201 | E20: (주)대열보일러 | F20: {=INDEX(공급업체코드!$B$3:$B$1000,MATCH(1,(E20=공급업체코드!$D$3:$D$1000)*1,0))} -> VM_DY_BLR | G20: DMXR-1.5PG | H20: 1500000 | J20: =3*2+11 -> 17 | K20: S_SYS04 | L20: 380 | M20: 0.99 | N20: 0.9 | O20: 90 | P20: 8600 | Q20: 식 | T20: 138700000 | V20: 물가자료26년4월호908Page | W20: TRUE | X20: 초저녹스 고효율 콘덴싱 중온수 보일러
B21: =D21&"_"&F21&"_"&G21&"_"&H21 -> M_BLR0201_VM_DY_BLR_DMXR-2PG_2000000 | C21: 노통연관식 온수 보일러 (가스) | D21: {=INDEX(기계코드!$D$4:$D$1022,MATCH(1,(C21=기계코드!$F$4:$F$1022)*1,0))} -> M_BLR0201 | E21: (주)대열보일러 | F21: {=INDEX(공급업체코드!$B$3:$B$1000,MATCH(1,(E21=공급업체코드!$D$3:$D$1000)*1,0))} -> VM_DY_BLR | G21: ="DMXR-"&LEFT(H21,1)&"PG" -> DMXR-2PG | H21: 2000000 | J21: =4*2+15 -> 23 | K21: S_SYS04 | L21: 380 | M21: 0.99 | N21: 0.9 | O21: 90 | P21: 9200 | Q21: 식 | T21: 148400000 | V21: 물가자료26년4월호908Page | W21: TRUE | X21: 초저녹스 고효율 콘덴싱 중온수 보일러
B22: =D22&"_"&F22&"_"&G22&"_"&H22 -> M_BLR0201_VM_DY_BLR_DMXR-2.5PG_2500000 | C22: 노통연관식 온수 보일러 (가스) | D22: {=INDEX(기계코드!$D$4:$D$1022,MATCH(1,(C22=기계코드!$F$4:$F$1022)*1,0))} -> M_BLR0201 | E22: (주)대열보일러 | F22: {=INDEX(공급업체코드!$B$3:$B$1000,MATCH(1,(E22=공급업체코드!$D$3:$D$1000)*1,0))} -> VM_DY_BLR | G22: DMXR-2.5PG | H22: 2500000 | J22: =4*2+18.5 -> 26.5 | K22: S_SYS04 | L22: 380 | M22: 0.99 | N22: 0.9 | O22: 90 | P22: 12200 | Q22: 식 | T22: 166300000 | V22: 물가자료26년4월호908Page | W22: TRUE | X22: 초저녹스 고효율 콘덴싱 중온수 보일러
B23: =D23&"_"&F23&"_"&G23&"_"&H23 -> M_BLR0201_VM_DY_BLR_DMXR-3PG_3000000 | C23: 노통연관식 온수 보일러 (가스) | D23: {=INDEX(기계코드!$D$4:$D$1022,MATCH(1,(C23=기계코드!$F$4:$F$1022)*1,0))} -> M_BLR0201 | E23: (주)대열보일러 | F23: {=INDEX(공급업체코드!$B$3:$B$1000,MATCH(1,(E23=공급업체코드!$D$3:$D$1000)*1,0))} -> VM_DY_BLR | G23: ="DMXR-"&LEFT(H23,1)&"PG" -> DMXR-3PG | H23: 3000000 | J23: =4*2+22 -> 30 | K23: S_SYS04 | L23: 380 | M23: 0.99 | N23: 0.9 | O23: 90 | P23: 12600 | Q23: 식 | T23: 179600000 | V23: 물가자료26년4월호908Page | W23: TRUE | X23: 초저녹스 고효율 콘덴싱 중온수 보일러
B24: =D24&"_"&F24&"_"&G24&"_"&H24 -> M_BLR0201_VM_DY_BLR_DMXR-3.5PG_3500000 | C24: 노통연관식 온수 보일러 (가스) | D24: {=INDEX(기계코드!$D$4:$D$1022,MATCH(1,(C24=기계코드!$F$4:$F$1022)*1,0))} -> M_BLR0201 | E24: (주)대열보일러 | F24: {=INDEX(공급업체코드!$B$3:$B$1000,MATCH(1,(E24=공급업체코드!$D$3:$D$1000)*1,0))} -> VM_DY_BLR | G24: DMXR-3.5PG | H24: 3500000 | J24: =4*2+22 -> 30 | K24: S_SYS04 | L24: 380 | M24: 0.99 | N24: 0.9 | O24: 90 | P24: 19100 | Q24: 식 | T24: 195700000 | V24: 물가자료26년4월호908Page | W24: TRUE | X24: 초저녹스 고효율 콘덴싱 중온수 보일러
B25: =D25&"_"&F25&"_"&G25&"_"&H25 -> M_BLR0201_VM_DY_BLR_DMXR-4PG_4000000 | C25: 노통연관식 온수 보일러 (가스) | D25: {=INDEX(기계코드!$D$4:$D$1022,MATCH(1,(C25=기계코드!$F$4:$F$1022)*1,0))} -> M_BLR0201 | E25: (주)대열보일러 | F25: {=INDEX(공급업체코드!$B$3:$B$1000,MATCH(1,(E25=공급업체코드!$D$3:$D$1000)*1,0))} -> VM_DY_BLR | G25: ="DMXR-"&LEFT(H25,1)&"PG" -> DMXR-4PG | H25: 4000000 | J25: =5.5*2+30 -> 41 | K25: S_SYS04 | L25: 380 | M25: 0.99 | N25: 0.9 | O25: 90 | P25: 23600 | Q25: 식 | T25: 214500000 | V25: 물가자료26년4월호908Page | W25: TRUE | X25: 초저녹스 고효율 콘덴싱 중온수 보일러
B26: =D26&"_"&F26&"_"&G26&"_"&H26 -> M_BLR0201_VM_DY_BLR_DMXR-4.5PG_4500000 | C26: 노통연관식 온수 보일러 (가스) | D26: {=INDEX(기계코드!$D$4:$D$1022,MATCH(1,(C26=기계코드!$F$4:$F$1022)*1,0))} -> M_BLR0201 | E26: (주)대열보일러 | F26: {=INDEX(공급업체코드!$B$3:$B$1000,MATCH(1,(E26=공급업체코드!$D$3:$D$1000)*1,0))} -> VM_DY_BLR | G26: DMXR-4.5PG | H26: 4500000 | J26: =5.5*2+30 -> 41 | K26: S_SYS04 | L26: 380 | M26: 0.99 | N26: 0.9 | O26: 90 | P26: 27600 | Q26: 식 | T26: 240000000 | V26: 물가자료26년4월호908Page | W26: TRUE | X26: 초저녹스 고효율 콘덴싱 중온수 보일러
B27: =D27&"_"&F27&"_"&G27&"_"&H27 -> M_BLR0201_VM_DY_BLR_DMXR-5PG_5000000 | C27: 노통연관식 온수 보일러 (가스) | D27: {=INDEX(기계코드!$D$4:$D$1022,MATCH(1,(C27=기계코드!$F$4:$F$1022)*1,0))} -> M_BLR0201 | E27: (주)대열보일러 | F27: {=INDEX(공급업체코드!$B$3:$B$1000,MATCH(1,(E27=공급업체코드!$D$3:$D$1000)*1,0))} -> VM_DY_BLR | G27: ="DMXR-"&LEFT(H27,1)&"PG" -> DMXR-5PG | H27: 5000000 | J27: =7.5*2+37 -> 52 | K27: S_SYS04 | L27: 380 | M27: 0.99 | N27: 0.9 | O27: 90 | P27: 28200 | Q27: 식 | T27: 247100000 | V27: 물가자료26년4월호908Page | W27: TRUE | X27: 초저녹스 고효율 콘덴싱 중온수 보일러
B28: =D28&"_"&F28&"_"&G28&"_"&H28 -> M_BLR0201_VM_DY_BLR_DMXR-5.5PG_5500000 | C28: 노통연관식 온수 보일러 (가스) | D28: {=INDEX(기계코드!$D$4:$D$1022,MATCH(1,(C28=기계코드!$F$4:$F$1022)*1,0))} -> M_BLR0201 | E28: (주)대열보일러 | F28: {=INDEX(공급업체코드!$B$3:$B$1000,MATCH(1,(E28=공급업체코드!$D$3:$D$1000)*1,0))} -> VM_DY_BLR | G28: DMXR-5.5PG | H28: 5500000 | J28: =7.5*2+37 -> 52 | K28: S_SYS04 | L28: 380 | M28: 0.99 | N28: 0.9 | O28: 90 | P28: 28200 | Q28: 식 | T28: 247100000 | V28: 물가자료26년4월호908Page | W28: TRUE | X28: 초저녹스 고효율 콘덴싱 중온수 보일러
B29: =D29&"_"&F29&"_"&G29&"_"&H29 -> M_BLR0201_VM_DY_BLR_DMXR-6PG_6000000 | C29: 노통연관식 온수 보일러 (가스) | D29: {=INDEX(기계코드!$D$4:$D$1022,MATCH(1,(C29=기계코드!$F$4:$F$1022)*1,0))} -> M_BLR0201 | E29: (주)대열보일러 | F29: {=INDEX(공급업체코드!$B$3:$B$1000,MATCH(1,(E29=공급업체코드!$D$3:$D$1000)*1,0))} -> VM_DY_BLR | G29: ="DMXR-"&LEFT(H29,1)&"PG" -> DMXR-6PG | H29: 6000000 | J29: =7.5*2+45 -> 60 | K29: S_SYS04 | L29: 380 | M29: 0.99 | N29: 0.9 | O29: 90 | P29: 28300 | Q29: 식 | T29: 304000000 | V29: 물가자료26년4월호908Page | W29: TRUE | X29: 초저녹스 고효율 콘덴싱 중온수 보일러
B30: =D30&"_"&F30&"_"&G30&"_"&H30 -> M_BLR0201_VM_DY_BLR_DMXR-6.5PG_6500000 | C30: 노통연관식 온수 보일러 (가스) | D30: {=INDEX(기계코드!$D$4:$D$1022,MATCH(1,(C30=기계코드!$F$4:$F$1022)*1,0))} -> M_BLR0201 | E30: (주)대열보일러 | F30: {=INDEX(공급업체코드!$B$3:$B$1000,MATCH(1,(E30=공급업체코드!$D$3:$D$1000)*1,0))} -> VM_DY_BLR | G30: DMXR-6.5PG | H30: 6500000 | J30: =7.5*2+45 -> 60 | K30: S_SYS04 | L30: 380 | M30: 0.99 | N30: 0.9 | O30: 90 | P30: 28300 | Q30: 식 | T30: 304000000 | V30: 물가자료26년4월호908Page | W30: TRUE | X30: 초저녹스 고효율 콘덴싱 중온수 보일러
B31: =D31&"_"&F31&"_"&G31&"_"&H31 -> M_BLR0201_VM_DY_BLR_DMXR-7PG_7000000 | C31: 노통연관식 온수 보일러 (가스) | D31: {=INDEX(기계코드!$D$4:$D$1022,MATCH(1,(C31=기계코드!$F$4:$F$1022)*1,0))} -> M_BLR0201 | E31: (주)대열보일러 | F31: {=INDEX(공급업체코드!$B$3:$B$1000,MATCH(1,(E31=공급업체코드!$D$3:$D$1000)*1,0))} -> VM_DY_BLR | G31: ="DMXR-"&LEFT(H31,1)&"PG" -> DMXR-7PG | H31: 7000000 | J31: =11*2+55 -> 77 | K31: S_SYS04 | L31: 380 | M31: 0.99 | N31: 0.9 | O31: 90 | P31: 35200 | Q31: 식 | T31: 364200000 | V31: 물가자료26년4월호908Page | W31: TRUE | X31: 초저녹스 고효율 콘덴싱 중온수 보일러
B32: =D32&"_"&F32&"_"&G32&"_"&H32 -> M_BLR0201_VM_DY_BLR_DMXR-8PG_8000000 | C32: 노통연관식 온수 보일러 (가스) | D32: {=INDEX(기계코드!$D$4:$D$1022,MATCH(1,(C32=기계코드!$F$4:$F$1022)*1,0))} -> M_BLR0201 | E32: (주)대열보일러 | F32: {=INDEX(공급업체코드!$B$3:$B$1000,MATCH(1,(E32=공급업체코드!$D$3:$D$1000)*1,0))} -> VM_DY_BLR | G32: ="DMXR-"&LEFT(H32,1)&"PG" -> DMXR-8PG | H32: 8000000 | J32: =11*2+55 -> 77 | K32: S_SYS04 | L32: 380 | M32: 0.99 | N32: 0.9 | O32: 90 | P32: 35200 | Q32: 식 | T32: 364200000 | V32: 물가자료26년4월호908Page | W32: TRUE | X32: 초저녹스 고효율 콘덴싱 중온수 보일러
B33: =D33&"_"&F33&"_"&G33&"_"&H33 -> M_BLR0201_VM_DY_BLR_DMXR-10PG_10000000 | C33: 노통연관식 온수 보일러 (가스) | D33: {=INDEX(기계코드!$D$4:$D$1022,MATCH(1,(C33=기계코드!$F$4:$F$1022)*1,0))} -> M_BLR0201 | E33: (주)대열보일러 | F33: {=INDEX(공급업체코드!$B$3:$B$1000,MATCH(1,(E33=공급업체코드!$D$3:$D$1000)*1,0))} -> VM_DY_BLR | G33: ="DMXR-"&LEFT(H33,2)&"PG" -> DMXR-10PG | H33: 10000000 | J33: =15*2+75 -> 105 | K33: S_SYS04 | L33: 380 | M33: 0.99 | N33: 0.9 | O33: 90 | P33: 36800 | Q33: 식 | T33: 390300000 | V33: 물가자료26년4월호908Page | W33: TRUE | X33: 초저녹스 고효율 콘덴싱 중온수 보일러
B34: =D34&"_"&F34&"_"&G34&"_"&H34 -> M_BLR0201_VM_DY_BLR_DMXR-13PG_13000000 | C34: 노통연관식 온수 보일러 (가스) | D34: {=INDEX(기계코드!$D$4:$D$1022,MATCH(1,(C34=기계코드!$F$4:$F$1022)*1,0))} -> M_BLR0201 | E34: (주)대열보일러 | F34: {=INDEX(공급업체코드!$B$3:$B$1000,MATCH(1,(E34=공급업체코드!$D$3:$D$1000)*1,0))} -> VM_DY_BLR | G34: ="DMXR-"&LEFT(H34,2)&"PG" -> DMXR-13PG | H34: 13000000 | J34: =15*2+90 -> 120 | K34: S_SYS04 | L34: 380 | M34: 0.99 | N34: 0.9 | O34: 90 | P34: 44600 | Q34: 식 | T34: 493500000 | V34: 물가자료26년4월호908Page | W34: TRUE | X34: 초저녹스 고효율 콘덴싱 중온수 보일러

Sheet 바이오가스 설비
B1: 장비코드 | D1: 장비유형 | F1: 공급업체명 | G1: 모델명 | H1: 용량(N㎥/hr) | I1: 동력(kW) | J1: 기동방식 | K1: 정격전압(V) | L1: 효율(%) | M1: 역률(%) | N1: 수용율(%) | O1: 총중량(kg) | P1: 단위 | Q1: 호표(1) | R1: 분류 | S1: 단가(원) | T1: 견적가(원) | U1: 단가출처 | V1: 사용여부 | W1: 장비설명 | X1: 단위시스템코드
B2: equipment_code | C2: 작업용 필드 | D2: equipment_type | E2: 작업용 필드 | F2: vendor_id | G2: model_number | H2: i_capacity_Nm3_h | I2: s_power_kW | J2: s_ctrl_method | K2: s_rated_volt_V | L2: s_efficiency_percent | M2: s_pwr_factor_percent | N2: s_demand_factor_percent | O2: s_total_wgt_kg | P2: s_unit_NONE | Q2: s_primary_item_no_NONE | R2: s_remark_NONE | S2: o_unit_price_KRW | T2: o_invoice_price_KRW | U2: o_price_reference | V2: is_active | W2: description | X2: unit_system_code
B3: =D3&"_"&F3&"_"&H3 -> M_BGF0101_VM_0000_500 | C3: 이중막 가스 저장조 | D3: {=INDEX(기계코드!$D$4:$D$1022,MATCH(1,(C3=기계코드!$F$4:$F$1022)*1,0))} -> M_BGF0101 | E3: 미지정업체 | F3: {=INDEX(공급업체코드!$B$3:$B$1000,MATCH(1,(E3=공급업체코드!$D$3:$D$1000)*1,0))} -> VM_0000 | H3: 500 | P3: 대 | S3: 0 | U3: 견적 필요 | V3: TRUE
B4: =D4&"_"&F4&"_"&H4 -> M_BGF0101_VM_0000_1000 | C4: 이중막 가스 저장조 | D4: {=INDEX(기계코드!$D$4:$D$1022,MATCH(1,(C4=기계코드!$F$4:$F$1022)*1,0))} -> M_BGF0101 | E4: 미지정업체 | F4: {=INDEX(공급업체코드!$B$3:$B$1000,MATCH(1,(E4=공급업체코드!$D$3:$D$1000)*1,0))} -> VM_0000 | H4: 1000 | P4: 대 | S4: 0 | U4: 견적 필요 | V4: TRUE
B5: =D5&"_"&F5&"_"&H5 -> M_BGF0101_VM_0000_1500 | C5: 이중막 가스 저장조 | D5: {=INDEX(기계코드!$D$4:$D$1022,MATCH(1,(C5=기계코드!$F$4:$F$1022)*1,0))} -> M_BGF0101 | E5: 미지정업체 | F5: {=INDEX(공급업체코드!$B$3:$B$1000,MATCH(1,(E5=공급업체코드!$D$3:$D$1000)*1,0))} -> VM_0000 | H5: 1500 | P5: 대 | S5: 0 | U5: 견적 필요 | V5: TRUE
B6: =D6&"_"&F6&"_"&H6 -> M_BGF0101_VM_0000_2000 | C6: 이중막 가스 저장조 | D6: {=INDEX(기계코드!$D$4:$D$1022,MATCH(1,(C6=기계코드!$F$4:$F$1022)*1,0))} -> M_BGF0101 | E6: 미지정업체 | F6: {=INDEX(공급업체코드!$B$3:$B$1000,MATCH(1,(E6=공급업체코드!$D$3:$D$1000)*1,0))} -> VM_0000 | H6: 2000 | P6: 대 | S6: 0 | U6: 견적 필요 | V6: TRUE
B7: =D7&"_"&F7&"_"&H7 -> M_BGF0101_VM_0000_2500 | C7: 이중막 가스 저장조 | D7: {=INDEX(기계코드!$D$4:$D$1022,MATCH(1,(C7=기계코드!$F$4:$F$1022)*1,0))} -> M_BGF0101 | E7: 미지정업체 | F7: {=INDEX(공급업체코드!$B$3:$B$1000,MATCH(1,(E7=공급업체코드!$D$3:$D$1000)*1,0))} -> VM_0000 | H7: 2500 | P7: 대 | S7: 0 | U7: 견적 필요 | V7: TRUE
B8: =D8&"_"&F8&"_"&H8 -> M_BGF0101_VM_0000_3000 | C8: 이중막 가스 저장조 | D8: {=INDEX(기계코드!$D$4:$D$1022,MATCH(1,(C8=기계코드!$F$4:$F$1022)*1,0))} -> M_BGF0101 | E8: 미지정업체 | F8: {=INDEX(공급업체코드!$B$3:$B$1000,MATCH(1,(E8=공급업체코드!$D$3:$D$1000)*1,0))} -> VM_0000 | H8: 3000 | P8: 대 | S8: 0 | U8: 견적 필요 | V8: TRUE
B9: =D9&"_"&F9&"_"&H9 -> M_BGF0101_VM_0000_3500 | C9: 이중막 가스 저장조 | D9: {=INDEX(기계코드!$D$4:$D$1022,MATCH(1,(C9=기계코드!$F$4:$F$1022)*1,0))} -> M_BGF0101 | E9: 미지정업체 | F9: {=INDEX(공급업체코드!$B$3:$B$1000,MATCH(1,(E9=공급업체코드!$D$3:$D$1000)*1,0))} -> VM_0000 | H9: 3500 | P9: 대 | S9: 0 | U9: 견적 필요 | V9: TRUE
B10: =D10&"_"&F10&"_"&H10 -> M_BGF0101_VM_0000_4000 | C10: 이중막 가스 저장조 | D10: {=INDEX(기계코드!$D$4:$D$1022,MATCH(1,(C10=기계코드!$F$4:$F$1022)*1,0))} -> M_BGF0101 | E10: 미지정업체 | F10: {=INDEX(공급업체코드!$B$3:$B$1000,MATCH(1,(E10=공급업체코드!$D$3:$D$1000)*1,0))} -> VM_0000 | H10: 4000 | P10: 대 | S10: 0 | U10: 견적 필요 | V10: TRUE
B11: =D11&"_"&F11&"_"&H11 -> M_BGF0101_VM_0000_4500 | C11: 이중막 가스 저장조 | D11: {=INDEX(기계코드!$D$4:$D$1022,MATCH(1,(C11=기계코드!$F$4:$F$1022)*1,0))} -> M_BGF0101 | E11: 미지정업체 | F11: {=INDEX(공급업체코드!$B$3:$B$1000,MATCH(1,(E11=공급업체코드!$D$3:$D$1000)*1,0))} -> VM_0000 | H11: 4500 | P11: 대 | S11: 0 | U11: 견적 필요 | V11: TRUE
B12: =D12&"_"&F12&"_"&H12 -> M_BGF0101_VM_0000_5000 | C12: 이중막 가스 저장조 | D12: {=INDEX(기계코드!$D$4:$D$1022,MATCH(1,(C12=기계코드!$F$4:$F$1022)*1,0))} -> M_BGF0101 | E12: 미지정업체 | F12: {=INDEX(공급업체코드!$B$3:$B$1000,MATCH(1,(E12=공급업체코드!$D$3:$D$1000)*1,0))} -> VM_0000 | H12: 5000 | P12: 대 | S12: 0 | U12: 견적 필요 | V12: TRUE
B14: =D14&"_"&F14&"_"&H14 -> M_BGF0201_VM_0000_250 | C14: 건식 탈황설비 | D14: {=INDEX(기계코드!$D$4:$D$1022,MATCH(1,(C14=기계코드!$F$4:$F$1022)*1,0))} -> M_BGF0201 | E14: 미지정업체 | F14: {=INDEX(공급업체코드!$B$3:$B$1000,MATCH(1,(E14=공급업체코드!$D$3:$D$1000)*1,0))} -> VM_0000 | H14: 250 | P14: 식 | S14: 0 | U14: 견적 필요 | V14: TRUE
B15: =D15&"_"&F15&"_"&H15 -> M_BGF0201_VM_0000_500 | C15: 건식 탈황설비 | D15: {=INDEX(기계코드!$D$4:$D$1022,MATCH(1,(C15=기계코드!$F$4:$F$1022)*1,0))} -> M_BGF0201 | E15: 미지정업체 | F15: {=INDEX(공급업체코드!$B$3:$B$1000,MATCH(1,(E15=공급업체코드!$D$3:$D$1000)*1,0))} -> VM_0000 | H15: 500 | P15: 식 | S15: 0 | U15: 견적 필요 | V15: TRUE
... B45: =D45&"_"&F45&"_"&H45 -> M_BGF0401_VM_0000_2500 | C45: 노내연소식 잉여가스 연소기 | D45: {=INDEX(기계코드!$D$4:$D$1022,MATCH(1,(C45=기계코드!$F$4:$F$1022)*1,0))} -> M_BGF0401 | E45: 미지정업체 | F45: {=INDEX(공급업체코드!$B$3:$B$1000,MATCH(1,(E45=공급업체코드!$D$3:$D$1000)*1,0))} -> VM_0000 | H45: 2500 | P45: 대 | S45: 0 | U45: 견적 필요 | V45: TRUE

Sheet 발전설비
B1: 장비코드 | D1: 장비유형 | F1: 공급업체명 | G1: 모델명 | H1: 최대 동력(kW) | I1: 동력(kW) | J1: 기동방식 | K1: 정격전압(V) | L1: 효율(%) | M1: 역률(%) | N1: 수용율(%) | O1: 총중량(kg) | P1: 단위 | Q1: 호표(1) | R1: 분류 | S1: 단가(원) | T1: 견적가(원) | U1: 단가출처 | V1: 사용여부 | W1: 장비설명 | X1: 단위시스템코드
B2: equipment_code | C2: 작업용 필드 | D2: equipment_type | E2: 작업용 필드 | F2: vendor_id | G2: model_number | H2: i_max_power_kW | I2: s_power_kW | J2: s_ctrl_method | K2: s_rated_volt_V | L2: s_efficiency_percent | M2: s_pwr_factor_percent | N2: s_demand_factor_percent | O2: s_total_wgt_kg | P2: s_unit_NONE | Q2: s_primary_item_no_NONE | R2: s_remark_NONE | S2: o_unit_price_KRW | T2: o_invoice_price_KRW | U2: o_price_reference | V2: is_active | W2: description | X2: unit_system_code
B3: =D3&"_"&F3&"_"&H3 -> M_PGE0101_VM_0000_130 | C3: 가스 엔진 발전기 | D3: {=INDEX(기계코드!$D$4:$D$1022,MATCH(1,(C3=기계코드!$F$4:$F$1022)*1,0))} -> M_PGE0101 | E3: 미지정업체 | F3: {=INDEX(공급업체코드!$B$3:$B$1000,MATCH(1,(E3=공급업체코드!$D$3:$D$1000)*1,0))} -> VM_0000 | H3: 130 | P3: 식 | S3: 0 | U3: 견적 필요 | V3: TRUE
B4: =D4&"_"&F4&"_"&H4 -> M_PGE0101_VM_0000_240 | C4: 가스 엔진 발전기 | D4: {=INDEX(기계코드!$D$4:$D$1022,MATCH(1,(C4=기계코드!$F$4:$F$1022)*1,0))} -> M_PGE0101 | E4: 미지정업체 | F4: {=INDEX(공급업체코드!$B$3:$B$1000,MATCH(1,(E4=공급업체코드!$D$3:$D$1000)*1,0))} -> VM_0000 | H4: 240 | P4: 식 | S4: 0 | U4: 견적 필요 | V4: TRUE
B5: =D5&"_"&F5&"_"&H5 -> M_PGE0101_VM_0000_360 | C5: 가스 엔진 발전기 | D5: {=INDEX(기계코드!$D$4:$D$1022,MATCH(1,(C5=기계코드!$F$4:$F$1022)*1,0))} -> M_PGE0101 | E5: 미지정업체 | F5: {=INDEX(공급업체코드!$B$3:$B$1000,MATCH(1,(E5=공급업체코드!$D$3:$D$1000)*1,0))} -> VM_0000 | H5: 360 | P5: 식 | S5: 0 | U5: 견적 필요 | V5: TRUE
B6: =D6&"_"&F6&"_"&H6 -> M_PGE0101_VM_0000_600 | C6: 가스 엔진 발전기 | D6: {=INDEX(기계코드!$D$4:$D$1022,MATCH(1,(C6=기계코드!$F$4:$F$1022)*1,0))} -> M_PGE0101 | E6: 미지정업체 | F6: {=INDEX(공급업체코드!$B$3:$B$1000,MATCH(1,(E6=공급업체코드!$D$3:$D$1000)*1,0))} -> VM_0000 | H6: 600 | P6: 식 | S6: 0 | U6: 견적 필요 | V6: TRUE

Sheet 생물반응기
B1: 장비코드 | D1: 장비유형 | F1: 공급업체명 | G1: 모델명 | H1: 용량(㎥) | I1: 외경(mm) | J1: 전고(m) | K1: 단위 | L1: 호표(1) | M1: 분류 | N1: 단가(원) | O1: 견적가(원) | P1: 단가출처 | Q1: 사용여부 | R1: 장비설명 | S1: 단위시스템코드
B2: equipment_code | C2: 작업용 필드 | D2: equipment_type | E2: 작업용 필드 | F2: vendor_id | G2: model_number | H2: i_capacity_m3 | I2: s_dia_mm | J2: s_height_m | K2: s_unit_NONE | L2: s_primary_item_no_NONE | M2: s_remark_NONE | N2: o_unit_price_KRW | O2: o_invoice_price_KRW | P2: o_price_reference | Q2: is_active | R2: description | S2: unit_system_code
B3: =D3&"_"&F3&"_"&H3 -> M_BRX01_VM_BKT_2 | C3: Air-lift Type 그래뉼 생성장치 | D3: {=INDEX(기계코드!$D$4:$D$1022,MATCH(1,(C3=기계코드!$F$4:$F$1022)*1,0))} -> M_BRX01 | E3: (주)부강테크 | F3: {=INDEX(공급업체코드!$B$3:$B$1000,MATCH(1,(E3=공급업체코드!$D$3:$D$1000)*1,0))} -> VM_BKT | G3: AGR2 | H3: 2 | K3: 식 | M3: 공법 | N3: 999 | P3: 견적가 | Q3: TRUE
B4: =D4&"_"&F4&"_"&H4 -> M_BRX01_VM_BKT_10 | C4: Air-lift Type 그래뉼 생성장치 | D4: {=INDEX(기계코드!$D$4:$D$1022,MATCH(1,(C4=기계코드!$F$4:$F$1022)*1,0))} -> M_BRX01 | E4: (주)부강테크 | F4: {=INDEX(공급업체코드!$B$3:$B$1000,MATCH(1,(E4=공급업체코드!$D$3:$D$1000)*1,0))} -> VM_BKT | G4: AGR10 | H4: 10 | K4: 식 | M4: 공법 | N4: 999 | P4: 견적가 | Q4: TRUE
B5: =D5&"_"&F5&"_"&H5 -> M_BRX01_VM_BKT_15 | C5: Air-lift Type 그래뉼 생성장치 | D5: {=INDEX(기계코드!$D$4:$D$1022,MATCH(1,(C5=기계코드!$F$4:$F$1022)*1,0))} -> M_BRX01 | E5: (주)부강테크 | F5: {=INDEX(공급업체코드!$B$3:$B$1000,MATCH(1,(E5=공급업체코드!$D$3:$D$1000)*1,0))} -> VM_BKT | G5: AGR15 | H5: 15 | K5: 식 | M5: 공법 | N5: 999 | P5: 견적가 | Q5: TRUE
B6: =D6&"_"&F6&"_"&H6 -> M_BRX01_VM_BKT_20 | C6: Air-lift Type 그래뉼 생성장치 | D6: {=INDEX(기계코드!$D$4:$D$1022,MATCH(1,(C6=기계코드!$F$4:$F$1022)*1,0))} -> M_BRX01 | E6: (주)부강테크 | F6: {=INDEX(공급업체코드!$B$3:$B$1000,MATCH(1,(E6=공급업체코드!$D$3:$D$1000)*1,0))} -> VM_BKT | G6: AGR20 | H6: 20 | K6: 식 | M6: 공법 | N6: 999 | P6: 견적가 | Q6: TRUE
B8: =D8&"_"&F8&"_"&ROUNDDOWN(H8,0) -> M_BRX0201_VM_BKT_1594 | C8: ASBR | D8: {=INDEX(기계코드!$D$4:$D$1022,MATCH(1,(C8=기계코드!$F$4:$F$1022)*1,0))} -> M_BRX0201 | E8: (주)부강테크 | F8: {=INDEX(공급업체코드!$B$3:$B$1000,MATCH(1,(E8=공급업체코드!$D$3:$D$1000)*1,0))} -> VM_BKT | H8: 1594.4 | I8: 12.81 | J8: 15.47 | K8: 대 | M8: 공법 | N8: 0 | P8: 견적 필요 | Q8: TRUE
B9: =D9&"_"&F9&"_"&ROUNDDOWN(H9,0) -> M_BRX0201_VM_BKT_1895 | C9: ASBR | D9: {=INDEX(기계코드!$D$4:$D$1022,MATCH(1,(C9=기계코드!$F$4:$F$1022)*1,0))} -> M_BRX0201 | E9: (주)부강테크 | F9: {=INDEX(공급업체코드!$B$3:$B$1000,MATCH(1,(E9=공급업체코드!$D$3:$D$1000)*1,0))} -> VM_BKT | H9: 1895.2 | I9: 13.66 | J9: 16.17 | K9: 대 | M9: 공법 | N9: 0 | P9: 견적 필요 | Q9: TRUE
B10: =D10&"_"&F10&"_"&ROUNDDOWN(H10,0) -> M_BRX0201_VM_BKT_2234 | C10: ASBR | D10: {=INDEX(기계코드!$D$4:$D$1022,MATCH(1,(C10=기계코드!$F$4:$F$1022)*1,0))} -> M_BRX0201 | E10: (주)부강테크 | F10: {=INDEX(공급업체코드!$B$3:$B$1000,MATCH(1,(E10=공급업체코드!$D$3:$D$1000)*1,0))} -> VM_BKT | H10: 2234.4 | I10: 14.52 | J10: 16.87 | K10: 대 | M10: 공법 | N10: 0 | P10: 견적 필요 | Q10: TRUE
B11: =D11&"_"&F11&"_"&ROUNDDOWN(H11,0) -> M_BRX0201_VM_BKT_2327 | C11: ASBR | D11: {=INDEX(기계코드!$D$4:$D$1022,MATCH(1,(C11=기계코드!$F$4:$F$1022)*1,0))} -> M_BRX0201 | E11: (주)부강테크 | F11: {=INDEX(공급업체코드!$B$3:$B$1000,MATCH(1,(E11=공급업체코드!$D$3:$D$1000)*1,0))} -> VM_BKT | H11: 2327.2 | I11: 14.52 | J11: 17.57 | K11: 대 | M11: 공법 | N11: 0 | P11: 견적 필요 | Q11: TRUE
B12: =D12&"_"&F12&"_"&ROUNDDOWN(H12,0) -> M_BRX0201_VM_BKT_2711 | C12: ASBR | D12: {=INDEX(기계코드!$D$4:$D$1022,MATCH(1,(C12=기계코드!$F$4:$F$1022)*1,0))} -> M_BRX0201 | E12: (주)부강테크 | F12: {=INDEX(공급업체코드!$B$3:$B$1000,MATCH(1,(E12=공급업체코드!$D$3:$D$1000)*1,0))} -> VM_BKT | H12: 2711.2 | I12: 15.37 | J12: 18.27 | K12: 대 | M12: 공법 | N12: 0 | P12: 견적 필요 | Q12: TRUE
B13: =D13&"_"&F13&"_"&ROUNDDOWN(H13,0) -> M_BRX0201_VM_BKT_2815 | C13: ASBR | D13: {=INDEX(기계코드!$D$4:$D$1022,MATCH(1,(C13=기계코드!$F$4:$F$1022)*1,0))} -> M_BRX0201 | E13: (주)부강테크 | F13: {=INDEX(공급업체코드!$B$3:$B$1000,MATCH(1,(E13=공급업체코드!$D$3:$D$1000)*1,0))} -> VM_BKT | H13: 2815.2 | I13: 15.37 | J13: 18.97 | K13: 대 | M13: 공법 | N13: 0 | P13: 견적 필요 | Q13: TRUE
B14: =D14&"_"&F14&"_"&ROUNDDOWN(H14,0) -> M_BRX0201_VM_BKT_3251 | C14: ASBR | D14: {=INDEX(기계코드!$D$4:$D$1022,MATCH(1,(C14=기계코드!$F$4:$F$1022)*1,0))} -> M_BRX0201 | E14: (주)부강테크 | F14: {=INDEX(공급업체코드!$B$3:$B$1000,MATCH(1,(E14=공급업체코드!$D$3:$D$1000)*1,0))} -> VM_BKT | H14: 3251.2 | I14: 16.22 | J14: 19.67 | K14: 대 | M14: 공법 | N14: 0 | P14: 견적 필요 | Q14: TRUE
B15: =D15&"_"&F15&"_"&ROUNDDOWN(H15,0) -> M_BRX0201_VM_BKT_3733 | C15: ASBR | D15: {=INDEX(기계코드!$D$4:$D$1022,MATCH(1,(C15=기계코드!$F$4:$F$1022)*1,0))} -> M_BRX0201 | E15: (주)부강테크 | F15: {=INDEX(공급업체코드!$B$3:$B$1000,MATCH(1,(E15=공급업체코드!$D$3:$D$1000)*1,0))} -> VM_BKT | H15: 3733.6 | I15: 17.08 | J15: 20.37 | K15: 대 | M15: 공법 | N15: 0 | P15: 견적 필요 | Q15: TRUE
B16: =D16&"_"&F16&"_"&ROUNDDOWN(H16,0) -> M_BRX0201_VM_BKT_4256 | C16: ASBR | D16: {=INDEX(기계코드!$D$4:$D$1022,MATCH(1,(C16=기계코드!$F$4:$F$1022)*1,0))} -> M_BRX0201 | E16: (주)부강테크 | F16: {=INDEX(공급업체코드!$B$3:$B$1000,MATCH(1,(E16=공급업체코드!$D$3:$D$1000)*1,0))} -> VM_BKT | H16: 4256 | I16: 17.93 | J16: 21.07 | K16: 대 | M16: 공법 | N16: 0 | P16: 견적 필요 | Q16: TRUE
B17: =D17&"_"&F17&"_"&ROUNDDOWN(H17,0) -> M_BRX0201_VM_BKT_4828 | C17: ASBR | D17: {=INDEX(기계코드!$D$4:$D$1022,MATCH(1,(C17=기계코드!$F$4:$F$1022)*1,0))} -> M_BRX0201 | E17: (주)부강테크 | F17: {=INDEX(공급업체코드!$B$3:$B$1000,MATCH(1,(E17=공급업체코드!$D$3:$D$1000)*1,0))} -> VM_BKT | H17: 4828.8 | I17: 18.79 | J17: 21.77 | K17: 대 | M17: 공법 | N17: 0 | P17: 견적 필요 | Q17: TRUE
B18: =D18&"_"&F18&"_"&ROUNDDOWN(H18,0) -> M_BRX0201_VM_BKT_4984 | C18: ASBR | D18: {=INDEX(기계코드!$D$4:$D$1022,MATCH(1,(C18=기계코드!$F$4:$F$1022)*1,0))} -> M_BRX0201 | E18: (주)부강테크 | F18: {=INDEX(공급업체코드!$B$3:$B$1000,MATCH(1,(E18=공급업체코드!$D$3:$D$1000)*1,0))} -> VM_BKT | H18: 4984 | I18: 18.79 | J18: 22.47 | K18: 대 | M18: 공법 | N18: 0 | P18: 견적 필요 | Q18: TRUE
B19: =D19&"_"&F19&"_"&ROUNDDOWN(H19,0) -> M_BRX0201_VM_BKT_5784 | C19: ASBR | D19: {=INDEX(기계코드!$D$4:$D$1022,MATCH(1,(C19=기계코드!$F$4:$F$1022)*1,0))} -> M_BRX0201 | E19: (주)부강테크 | F19: {=INDEX(공급업체코드!$B$3:$B$1000,MATCH(1,(E19=공급업체코드!$D$3:$D$1000)*1,0))} -> VM_BKT | H19: 5784.8 | I19: 19.64 | J19: 23.87 | K19: 대 | M19: 공법 | N19: 0 | P19: 견적 필요 | Q19: TRUE
... B24: =D24&"_"&F24&"_"&ROUNDDOWN(H24,0) -> M_BRX0201_VM_BKT_10082 | C24: ASBR | D24: {=INDEX(기계코드!$D$4:$D$1022,MATCH(1,(C24=기계코드!$F$4:$F$1022)*1,0))} -> M_BRX0201 | E24: (주)부강테크 | F24: {=INDEX(공급업체코드!$B$3:$B$1000,MATCH(1,(E24=공급업체코드!$D$3:$D$1000)*1,0))} -> VM_BKT | H24: 10082.4 | I24: 23.91 | J24: 28.07 | K24: 대 | M24: 공법 | N24: 0 | P24: 견적 필요 | Q24: TRUE

Sheet 제어반
B1: 장비코드 | D1: 장비유형 | F1: 공급업체명 | G1: 모델명 | H1: 최소 시설용량 기준(㎥/d) | I1: 최대 시설용량 기준(㎥/d) | J1: 지수(Basin) | K1: 동력(kW) | L1: 총중량(kg) | M1: 단위 | N1: 호표(1) | O1: 분류 | P1: 단가(원) | Q1: 견적가(원) | R1: 단가출처 | S1: 사용여부 | T1: 장비설명 | U1: 단위시스템코드
B2: equipment_code | C2: 작업용 필드 | D2: equipment_type | E2: 작업용 필드 | F2: vendor_id | G2: model_number | H2: s_min_capacity_m3_d | I2: i_max_capacity_m3_d | J2: i_Basin_Basin | K2: s_power_kW | L2: s_total_wgt_kg | M2: s_unit_NONE | N2: s_primary_item_no_NONE | O2: s_remark_NONE | P2: o_unit_price_KRW | Q2: o_invoice_price_KRW | R2: o_price_reference | S2: is_active | T2: description | U2: unit_system_code
B3: =D3&"_"&F3&"_"&H3&"_"&I3 -> M_CTR0101_VM_BKT_0_100 | C3: SBR 가축분뇨 제어반 | D3: {=INDEX(기계코드!$D$4:$D$1022,MATCH(1,(C3=기계코드!$F$4:$F$1022)*1,0))} -> M_CTR0101 | E3: (주)부강테크 | F3: {=INDEX(공급업체코드!$B$3:$B$1000,MATCH(1,(E3=공급업체코드!$D$3:$D$1000)*1,0))} -> VM_BKT | G3: BCS가축분뇨 | H3: 0 | I3: 100 | M3: SET | O3: 공법 | P3: 275000000 | R3: 견적가 | S3: TRUE | T3: 2지 기준
B4: =D4&"_"&F4&"_"&H4&"_"&I4 -> M_CTR0102_VM_BKT_100_500 | C4: SBR 하수 제어반 | D4: {=INDEX(기계코드!$D$4:$D$1022,MATCH(1,(C4=기계코드!$F$4:$F$1022)*1,0))} -> M_CTR0102 | E4: (주)부강테크 | F4: {=INDEX(공급업체코드!$B$3:$B$1000,MATCH(1,(E4=공급업체코드!$D$3:$D$1000)*1,0))} -> VM_BKT | G4: BCS하수 | H4: 100 | I4: 500 | M4: SET | O4: 공법 | P4: 295000000 | R4: 견적가 | S4: TRUE | T4: 2지 기준
B5: =D5&"_"&F5&"_"&H5&"_"&I5 -> M_CTR0102_VM_BKT_200_1000 | C5: SBR 하수 제어반 | D5: {=INDEX(기계코드!$D$4:$D$1022,MATCH(1,(C5=기계코드!$F$4:$F$1022)*1,0))} -> M_CTR0102 | E5: (주)부강테크 | F5: {=INDEX(공급업체코드!$B$3:$B$1000,MATCH(1,(E5=공급업체코드!$D$3:$D$1000)*1,0))} -> VM_BKT | G5: BCS하수 | H5: 200 | I5: 1000 | M5: SET | O5: 공법 | P5: 275000000 | R5: 견적가 | S5: TRUE | T5: 2지 기준
B6: =D6&"_"&F6&"_"&H6&"_"&I6 -> M_CTR0102_VM_BKT_1000_5000 | C6: SBR 하수 제어반 | D6: {=INDEX(기계코드!$D$4:$D$1022,MATCH(1,(C6=기계코드!$F$4:$F$1022)*1,0))} -> M_CTR0102 | E6: (주)부강테크 | F6: {=INDEX(공급업체코드!$B$3:$B$1000,MATCH(1,(E6=공급업체코드!$D$3:$D$1000)*1,0))} -> VM_BKT | G6: BCS하수 | H6: 1000 | I6: 5000 | M6: SET | O6: 공법 | P6: 300000000 | R6: 견적가 | S6: TRUE | T6: 2지 기준
B7: =D7&"_"&F7&"_"&H7&"_"&I7 -> M_CTR0102_VM_BKT_500_5000 | C7: SBR 하수 제어반 | D7: {=INDEX(기계코드!$D$4:$D$1022,MATCH(1,(C7=기계코드!$F$4:$F$1022)*1,0))} -> M_CTR0102 | E7: (주)부강테크 | F7: {=INDEX(공급업체코드!$B$3:$B$1000,MATCH(1,(E7=공급업체코드!$D$3:$D$1000)*1,0))} -> VM_BKT | G7: BCS하수 | H7: 500 | I7: 5000 | M7: SET | O7: 공법 | P7: 485000000 | R7: 견적가 | S7: TRUE | T7: 4지 기준
B8: =D8&"_"&F8&"_"&H8&"_"&I8 -> M_CTR02_VM_BKT_500_5000 | C8: 종합제어반(계측기 미포함/전기공사비 별도) | D8: {=INDEX(기계코드!$D$4:$D$1022,MATCH(1,(C8=기계코드!$F$4:$F$1022)*1,0))} -> M_CTR02 | E8: (주)부강테크 | F8: {=INDEX(공급업체코드!$B$3:$B$1000,MATCH(1,(E8=공급업체코드!$D$3:$D$1000)*1,0))} -> VM_BKT | G8: BBF하수 | H8: 500 | I8: 5000 | M8: SET | O8: 공법 | P8: 342000000 | R8: 견적가 | S8: TRUE | T8: 4지 기준
B9: =D9&"_"&F9&"_"&H9&"_"&I9 -> M_CTR02_VM_BKT_5000_20000 | C9: 종합제어반(계측기 미포함/전기공사비 별도) | D9: {=INDEX(기계코드!$D$4:$D$1022,MATCH(1,(C9=기계코드!$F$4:$F$1022)*1,0))} -> M_CTR02 | E9: (주)부강테크 | F9: {=INDEX(공급업체코드!$B$3:$B$1000,MATCH(1,(E9=공급업체코드!$D$3:$D$1000)*1,0))} -> VM_BKT | G9: BBF하수 | H9: 5000 | I9: 20000 | M9: SET | O9: 공법 | P9: 390000000 | R9: 견적가 | S9: TRUE | T9: 8지 기준
B10: =D10&"_"&F10&"_"&H10&"_"&I10 -> M_CTR02_VM_BKT_20000_40000 | C10: 종합제어반(계측기 미포함/전기공사비 별도) | D10: {=INDEX(기계코드!$D$4:$D$1022,MATCH(1,(C10=기계코드!$F$4:$F$1022)*1,0))} -> M_CTR02 | E10: (주)부강테크 | F10: {=INDEX(공급업체코드!$B$3:$B$1000,MATCH(1,(E10=공급업체코드!$D$3:$D$1000)*1,0))} -> VM_BKT | G10: BBF하수 | H10: 20000 | I10: 40000 | M10: SET | O10: 공법 | P10: 450000000 | R10: 견적가 | S10: TRUE | T10: 12지 기준
B11: =D11&"_"&F11&"_"&I11 -> M_CTR0103_VM_BKT_99999 | C11: AMX 제어반 | D11: {=INDEX(기계코드!$D$4:$D$1022,MATCH(1,(C11=기계코드!$F$4:$F$1022)*1,0))} -> M_CTR0103 | E11: (주)부강테크 | F11: {=INDEX(공급업체코드!$B$3:$B$1000,MATCH(1,(E11=공급업체코드!$D$3:$D$1000)*1,0))} -> VM_BKT | G11: AMX 제어반 | I11: 99999 | M11: SET | O11: 공법 | P11: 333000000 | R11: 견적가 | S11: TRUE
B13: =D13&"_"&F13&"_"&J13 -> M_CTR0104_VM_BKT_1 | C13: AAD 제어반 | D13: {=INDEX(기계코드!$D$4:$D$1022,MATCH(1,(C13=기계코드!$F$4:$F$1022)*1,0))} -> M_CTR0104 | E13: (주)부강테크 | F13: {=INDEX(공급업체코드!$B$3:$B$1000,MATCH(1,(E13=공급업체코드!$D$3:$D$1000)*1,0))} -> VM_BKT | G13: AAD 제어반 | J13: 1 | M13: SET | O13: 공법 | P13: 293743000 | R13: 견적가 | S13: TRUE | T13: 1지 기준
B14: =D14&"_"&F14&"_"&J14 -> M_CTR0104_VM_BKT_2 | C14: AAD 제어반 | D14: {=INDEX(기계코드!$D$4:$D$1022,MATCH(1,(C14=기계코드!$F$4:$F$1022)*1,0))} -> M_CTR0104 | E14: (주)부강테크 | F14: {=INDEX(공급업체코드!$B$3:$B$1000,MATCH(1,(E14=공급업체코드!$D$3:$D$1000)*1,0))} -> VM_BKT | G14: AAD 제어반 | J14: 2 | M14: SET | O14: 공법 | P14: =$P$13*J14 -> 587486000 | R14: 견적가 | S14: TRUE | T14: =J14&"지 기준" -> 2지 기준
B15: =D15&"_"&F15&"_"&J15 -> M_CTR0104_VM_BKT_3 | C15: AAD 제어반 | D15: {=INDEX(기계코드!$D$4:$D$1022,MATCH(1,(C15=기계코드!$F$4:$F$1022)*1,0))} -> M_CTR0104 | E15: (주)부강테크 | F15: {=INDEX(공급업체코드!$B$3:$B$1000,MATCH(1,(E15=공급업체코드!$D$3:$D$1000)*1,0))} -> VM_BKT | G15: AAD 제어반 | J15: 3 | M15: SET | O15: 공법 | P15: =$P$13*J15 -> 881229000 | R15: 견적가 | S15: TRUE | T15: =J15&"지 기준" -> 3지 기준
B16: =D16&"_"&F16&"_"&J16 -> M_CTR0104_VM_BKT_4 | C16: AAD 제어반 | D16: {=INDEX(기계코드!$D$4:$D$1022,MATCH(1,(C16=기계코드!$F$4:$F$1022)*1,0))} -> M_CTR0104 | E16: (주)부강테크 | F16: {=INDEX(공급업체코드!$B$3:$B$1000,MATCH(1,(E16=공급업체코드!$D$3:$D$1000)*1,0))} -> VM_BKT | G16: AAD 제어반 | J16: 4 | M16: SET | O16: 공법 | P16: =$P$13*J16 -> 1174972000 | R16: 견적가 | S16: TRUE | T16: =J16&"지 기준" -> 4지 기준
B17: =D17&"_"&F17&"_"&J17 -> M_CTR0104_VM_BKT_5 | C17: AAD 제어반 | D17: {=INDEX(기계코드!$D$4:$D$1022,MATCH(1,(C17=기계코드!$F$4:$F$1022)*1,0))} -> M_CTR0104 | E17: (주)부강테크 | F17: {=INDEX(공급업체코드!$B$3:$B$1000,MATCH(1,(E17=공급업체코드!$D$3:$D$1000)*1,0))} -> VM_BKT | G17: AAD 제어반 | J17: 5 | M17: SET | O17: 공법 | P17: =$P$13*J17 -> 1468715000 | R17: 견적가 | S17: TRUE | T17: =J17&"지 기준" -> 5지 기준
B18: =D18&"_"&F18&"_"&J18 -> M_CTR0104_VM_BKT_6 | C18: AAD 제어반 | D18: {=INDEX(기계코드!$D$4:$D$1022,MATCH(1,(C18=기계코드!$F$4:$F$1022)*1,0))} -> M_CTR0104 | E18: (주)부강테크 | F18: {=INDEX(공급업체코드!$B$3:$B$1000,MATCH(1,(E18=공급업체코드!$D$3:$D$1000)*1,0))} -> VM_BKT | G18: AAD 제어반 | J18: 6 | M18: SET | O18: 공법 | P18: =$P$13*J18 -> 1762458000 | R18: 견적가 | S18: TRUE | T18: =J18&"지 기준" -> 6지 기준
B19: =D19&"_"&F19&"_"&J19 -> M_CTR0104_VM_BKT_7 | C19: AAD 제어반 | D19: {=INDEX(기계코드!$D$4:$D$1022,MATCH(1,(C19=기계코드!$F$4:$F$1022)*1,0))} -> M_CTR0104 | E19: (주)부강테크 | F19: {=INDEX(공급업체코드!$B$3:$B$1000,MATCH(1,(E19=공급업체코드!$D$3:$D$1000)*1,0))} -> VM_BKT | G19: AAD 제어반 | J19: 7 | M19: SET | O19: 공법 | P19: =$P$13*J19 -> 2056201000 | R19: 견적가 | S19: TRUE | T19: =J19&"지 기준" -> 7지 기준
B20: =D20&"_"&F20&"_"&J20 -> M_CTR0104_VM_BKT_8 | C20: AAD 제어반 | D20: {=INDEX(기계코드!$D$4:$D$1022,MATCH(1,(C20=기계코드!$F$4:$F$1022)*1,0))} -> M_CTR0104 | E20: (주)부강테크 | F20: {=INDEX(공급업체코드!$B$3:$B$1000,MATCH(1,(E20=공급업체코드!$D$3:$D$1000)*1,0))} -> VM_BKT | G20: AAD 제어반 | J20: 8 | M20: SET | O20: 공법 | P20: =$P$13*J20 -> 2349944000 | R20: 견적가 | S20: TRUE | T20: =J20&"지 기준" -> 8지 기준

Sheet 교반기
B1: 장비코드 | D1: 장비유형 | F1: 공급업체명 | G1: 모델명 | H1: 회전수(rpm) | I1: 교반용적(㎥) | J1: 동력(kW) | K1: 기동방식 | L1: 정격전압(V) | M1: 효율(%) | N1: 역률(%) | O1: 수용율(%) | P1: 총중량(kg) | Q1: 단위 | R1: 호표(1) | S1: 분류 | T1: 단가(원) | U1: 견적가(원) | V1: 단가출처 | W1: 사용여부 | X1: 장비설명 | Y1: 단위시스템코드
B2: equipment_code | C2: 작업용 필드 | D2: equipment_type | E2: 작업용 필드 | F2: vendor_id | G2: model_number | H2: s_no_revolutions_rpm | I2: i_agitated_volume_m3 | J2: s_power_kW | K2: s_ctrl_method | L2: s_rated_volt_V | M2: s_efficiency_percent | N2: s_pwr_factor_percent | O2: s_demand_factor_percent | P2: s_total_wgt_kg | Q2: s_unit_NONE | R2: s_primary_item_no_NONE | S2: s_remark_NONE | T2: o_unit_price_KRW | U2: o_invoice_price_KRW | V2: o_price_reference | W2: is_active | X2: description | Y2: unit_system_code
A3: SMS-044-2B | B3: =D3&"_"&F3&"_"&I3 -> M_AGT0602_VM_SAMJIN_45 | C3: 수중횡축 프로펠러형 (인양장치, 모니터링유니트 포함) | D3: {=INDEX(기계코드!$D$4:$D$1022,MATCH(1,(C3=기계코드!$F$4:$F$1022)*1,0))} -> M_AGT0602 | E3: 삼진공업 | F3: {=INDEX(공급업체코드!$B$3:$B$1000,MATCH(1,(E3=공급업체코드!$D$3:$D$1000)*1,0))} -> VM_SAMJIN | G3: SMS-044-2B | H3: 1800 | I3: 45 | J3: 0.4 | K3: S_SYS01 | L3: 380 | M3: 0.65 | N3: 0.9 | O3: 60 | P3: 11 | Q3: EA | R3: =IF(P3<500,1,IF(P3<1000,2,IF(P3<5000,3,4))) -> 1 | S3: 일반 | T3: 999 | V3: 견적 필요 | W3: TRUE
A4: SMS-084-2B | B4: =D4&"_"&F4&"_"&I4 -> M_AGT0602_VM_SAMJIN_75 | C4: 수중횡축 프로펠러형 (인양장치, 모니터링유니트 포함) | D4: {=INDEX(기계코드!$D$4:$D$1022,MATCH(1,(C4=기계코드!$F$4:$F$1022)*1,0))} -> M_AGT0602 | E4: 삼진공업 | F4: {=INDEX(공급업체코드!$B$3:$B$1000,MATCH(1,(E4=공급업체코드!$D$3:$D$1000)*1,0))} -> VM_SAMJIN | G4: SMS-084-2B | H4: 1800 | I4: 75 | J4: 0.75 | K4: S_SYS01 | L4: 380 | M4: 0.835 | N4: 0.9 | O4: 60 | P4: 11 | Q4: EA | R4: =IF(P4<500,1,IF(P4<1000,2,IF(P4<5000,3,4))) -> 1 | S4: 일반 | T4: 999 | V4: 견적 필요 | W4: TRUE
A5: SMS-154-3B | B5: =D5&"_"&F5&"_"&I5 -> M_AGT0602_VM_SAMJIN_110 | C5: 수중횡축 프로펠러형 (인양장치, 모니터링유니트 포함) | D5: {=INDEX(기계코드!$D$4:$D$1022,MATCH(1,(C5=기계코드!$F$4:$F$1022)*1,0))} -> M_AGT0602 | E5: 삼진공업 | F5: {=INDEX(공급업체코드!$B$3:$B$1000,MATCH(1,(E5=공급업체코드!$D$3:$D$1000)*1,0))} -> VM_SAMJIN | G5: SMS-154-3B | H5: 1800 | I5: 110 | J5: 1.5 | K5: S_SYS01 | L5: 380 | M5: 0.865 | N5: 0.9 | O5: 60 | P5: 11 | Q5: EA | R5: =IF(P5<500,1,IF(P5<1000,2,IF(P5<5000,3,4))) -> 1 | S5: 일반 | T5: 17000000 | V5: 물가자료25년10월호1362Page | W5: TRUE
A6: SMS-158-3B | B6: =D6&"_"&F6&"_"&I6 -> M_AGT0602_VM_SAMJIN_150 | C6: 수중횡축 프로펠러형 (인양장치, 모니터링유니트 포함) | D6: {=INDEX(기계코드!$D$4:$D$1022,MATCH(1,(C6=기계코드!$F$4:$F$1022)*1,0))} -> M_AGT0602 | E6: 삼진공업 | F6: {=INDEX(공급업체코드!$B$3:$B$1000,MATCH(1,(E6=공급업체코드!$D$3:$D$1000)*1,0))} -> VM_SAMJIN | G6: SMS-224-3B | H6: 1800 | I6: 150 | J6: 2.2 | K6: S_SYS01 | L6: 380 | M6: 0.895 | N6: 0.9 | O6: 60 | P6: 11 | Q6: EA | R6: =IF(P6<500,1,IF(P6<1000,2,IF(P6<5000,3,4))) -> 1 | S6: 일반 | T6: 10500000 | V6: 물가자료25년10월호1362Page | W6: TRUE
A7: SMS-224-3B | B7: =D7&"_"&F7&"_"&I7 -> M_AGT0602_VM_SAMJIN_200 | C7: 수중횡축 프로펠러형 (인양장치, 모니터링유니트 포함) | D7: {=INDEX(기계코드!$D$4:$D$1022,MATCH(1,(C7=기계코드!$F$4:$F$1022)*1,0))} -> M_AGT0602 | E7: 삼진공업 | F7: {=INDEX(공급업체코드!$B$3:$B$1000,MATCH(1,(E7=공급업체코드!$D$3:$D$1000)*1,0))} -> VM_SAMJIN | G7: SMS-374-3B | H7: 1800 | I7: 200 | J7: 3.7 | K7: S_SYS01 | L7: 380 | M7: 0.895 | N7: 0.9 | O7: 60 | P7: 11 | Q7: EA | R7: =IF(P7<500,1,IF(P7<1000,2,IF(P7<5000,3,4))) -> 1 | S7: 일반 | T7: 11500000 | V7: 물가자료25년10월호1362Page | W7: TRUE
A8: SMS-228-3B | B8: =D8&"_"&F8&"_"&I8 -> M_AGT0602_VM_SAMJIN_300 | C8: 수중횡축 프로펠러형 (인양장치, 모니터링유니트 포함) | D8: {=INDEX(기계코드!$D$4:$D$1022,MATCH(1,(C8=기계코드!$F$4:$F$1022)*1,0))} -> M_AGT0602 | E8: 삼진공업 | F8: {=INDEX(공급업체코드!$B$3:$B$1000,MATCH(1,(E8=공급업체코드!$D$3:$D$1000)*1,0))} -> VM_SAMJIN | G8: SMS-554-3B | H8: 1800 | I8: 300 | J8: 5.5 | K8: S_SYS01 | L8: 380 | M8: 0.917 | N8: 0.9 | O8: 60 | P8: 11 | Q8: EA | R8: =IF(P8<500,1,IF(P8<1000,2,IF(P8<5000,3,4))) -> 1 | S8: 일반 | T8: 999 | V8: 견적 필요 | W8: TRUE
A9: SMS-374-3B | B9: =D9&"_"&F9&"_"&I9 -> M_AGT0602_VM_SAMJIN_500 | C9: 수중횡축 프로펠러형 (인양장치, 모니터링유니트 포함) | D9: {=INDEX(기계코드!$D$4:$D$1022,MATCH(1,(C9=기계코드!$F$4:$F$1022)*1,0))} -> M_AGT0602 | E9: 삼진공업 | F9: {=INDEX(공급업체코드!$B$3:$B$1000,MATCH(1,(E9=공급업체코드!$D$3:$D$1000)*1,0))} -> VM_SAMJIN | G9: SMS-754-3B | H9: 1800 | I9: 500 | J9: 7.5 | K9: S_SYS01 | L9: 380 | M9: 0.917 | N9: 0.9 | O9: 60 | P9: 11 | Q9: EA | R9: =IF(P9<500,1,IF(P9<1000,2,IF(P9<5000,3,4))) -> 1 | S9: 일반 | T9: 14000000 | V9: 물가자료25년10월호1362Page | W9: TRUE
A10: SMS-378-3B | B10: =D10&"_"&F10&"_"&I10 -> M_AGT0602_VM_SAMJIN_140 | C10: 수중횡축 프로펠러형 (인양장치, 모니터링유니트 포함) | D10: {=INDEX(기계코드!$D$4:$D$1022,MATCH(1,(C10=기계코드!$F$4:$F$1022)*1,0))} -> M_AGT0602 | E10: 삼진공업 | F10: {=INDEX(공급업체코드!$B$3:$B$1000,MATCH(1,(E10=공급업체코드!$D$3:$D$1000)*1,0))} -> VM_SAMJIN | G10: SMS-158-3B | H10: 900 | I10: 140 | J10: 1.5 | K10: S_SYS01 | L10: 380 | M10: 0.865 | N10: 0.9 | O10: 60 | P10: 11 | Q10: EA | R10: =IF(P10<500,1,IF(P10<1000,2,IF(P10<5000,3,4))) -> 1 | S10: 일반 | T10: 15000000 | V10: 물가자료25년10월호1362Page | W10: TRUE
A11: SMS-554-3B | B11: =D11&"_"&F11&"_"&I11 -> M_AGT0602_VM_SAMJIN_200 | C11: 수중횡축 프로펠러형 (인양장치, 모니터링유니트 포함) | D11: {=INDEX(기계코드!$D$4:$D$1022,MATCH(1,(C11=기계코드!$F$4:$F$1022)*1,0))} -> M_AGT0602 | E11: 삼진공업 | F11: {=INDEX(공급업체코드!$B$3:$B$1000,MATCH(1,(E11=공급업체코드!$D$3:$D$1000)*1,0))} -> VM_SAMJIN | G11: SMS-228-3B | H11: 900 | I11: 200 | J11: 2.2 | K11: S_SYS01 | L11: 380 | M11: 0.895 | N11: 0.9 | O11: 60 | P11: 11 | Q11: EA | R11: =IF(P11<500,1,IF(P11<1000,2,IF(P11<5000,3,4))) -> 1 | S11: 일반 | T11: 999 | V11: 견적 필요 | W11: TRUE
A12: SMS-754-3B | B12: =D12&"_"&F12&"_"&I12 -> M_AGT0602_VM_SAMJIN_450 | C12: 수중횡축 프로펠러형 (인양장치, 모니터링유니트 포함) | D12: {=INDEX(기계코드!$D$4:$D$1022,MATCH(1,(C12=기계코드!$F$4:$F$1022)*1,0))} -> M_AGT0602 | E12: 삼진공업 | F12: {=INDEX(공급업체코드!$B$3:$B$1000,MATCH(1,(E12=공급업체코드!$D$3:$D$1000)*1,0))} -> VM_SAMJIN | G12: SMS-378-3B | H12: 900 | I12: 450 | J12: 3.7 | K12: S_SYS01 | L12: 380 | M12: 0.895 | N12: 0.9 | O12: 60 | P12: 11 | Q12: EA | R12: =IF(P12<500,1,IF(P12<1000,2,IF(P12<5000,3,4))) -> 1 | S12: 일반 | T12: 17000000 | V12: 물가자료25년10월호1362Page | W12: TRUE
A13: SMS-5512-3B | B13: =D13&"_"&F13&"_"&I13 -> M_AGT0602_VM_SAMJIN_850 | C13: 수중횡축 프로펠러형 (인양장치, 모니터링유니트 포함) | D13: {=INDEX(기계코드!$D$4:$D$1022,MATCH(1,(C13=기계코드!$F$4:$F$1022)*1,0))} -> M_AGT0602 | E13: 삼진공업 | F13: {=INDEX(공급업체코드!$B$3:$B$1000,MATCH(1,(E13=공급업체코드!$D$3:$D$1000)*1,0))} -> VM_SAMJIN | G13: SMS-5512-3B | H13: 600 | I13: 850 | J13: 5.5 | K13: S_SYS01 | L13: 380 | M13: 0.917 | N13: 0.9 | O13: 60 | P13: 11 | Q13: EA | R13: =IF(P13<500,1,IF(P13<1000,2,IF(P13<5000,3,4))) -> 1 | S13: 일반 | T13: 22500000 | V13: 물가자료25년10월호1362Page | W13: TRUE
A14: SMS-7512-3B | B14: =D14&"_"&F14&"_"&I14 -> M_AGT0602_VM_SAMJIN_1280 | C14: 수중횡축 프로펠러형 (인양장치, 모니터링유니트 포함) | D14: {=INDEX(기계코드!$D$4:$D$1022,MATCH(1,(C14=기계코드!$F$4:$F$1022)*1,0))} -> M_AGT0602 | E14: 삼진공업 | F14: {=INDEX(공급업체코드!$B$3:$B$1000,MATCH(1,(E14=공급업체코드!$D$3:$D$1000)*1,0))} -> VM_SAMJIN | G14: SMS-7512-3B | H14: 600 | I14: 1280 | J14: 7.5 | K14: S_SYS01 | L14: 380 | M14: 0.917 | N14: 0.9 | O14: 60 | P14: 11 | Q14: EA | R14: =IF(P14<500,1,IF(P14<1000,2,IF(P14<5000,3,4))) -> 1 | S14: 일반 | T14: 23500000 | V14: 물가자료25년10월호1362Page | W14: TRUE
... A18: SMS-30016-3B | B18: =D18&"_"&F18&"_"&I18 -> M_AGT0602_VM_SAMJIN_5000 | C18: 수중횡축 프로펠러형 (인양장치, 모니터링유니트 포함) | D18: {=INDEX(기계코드!$D$4:$D$1022,MATCH(1,(C18=기계코드!$F$4:$F$1022)*1,0))} -> M_AGT0602 | E18: 삼진공업 | F18: {=INDEX(공급업체코드!$B$3:$B$1000,MATCH(1,(E18=공급업체코드!$D$3:$D$1000)*1,0))} -> VM_SAMJIN | G18: SMS-30016-3B | H18: 450 | I18: 5000 | J18: 30 | K18: S_SYS03 | L18: 380 | M18: 0.941 | N18: 0.9 | O18: 60 | P18: 11 | Q18: EA | R18: =IF(P18<500,1,IF(P18<1000,2,IF(P18<5000,3,4))) -> 1 | S18: 일반 | T18: 999 | V18: 견적 필요 | W18: TRUE
A19: JFAF-27, 하이드로포일형 교반기 | B19: =D19&"_"&F19&"_"&J19 -> M_AGT0701_VM_ECOWO_0.75 | C19: 수직 입축 하이드로포일형 | D19: {=INDEX(기계코드!$D$4:$D$1022,MATCH(1,(C19=기계코드!$F$4:$F$1022)*1,0))} -> M_AGT0701 | E19: 이코우 | F19: {=INDEX(공급업체코드!$B$3:$B$1000,MATCH(1,(E19=공급업체코드!$D$3:$D$1000)*1,0))} -> VM_ECOWO | G19: ECO-VHM-1 | I19: 45 | J19: 0.75 | K19: S_SYS01 | L19: 380 | M19: 0.835 | N19: 0.9 | O19: 60 | P19: 11 | Q19: EA | R19: =IF(P19<500,1,IF(P19<1000,2,IF(P19<5000,3,4))) -> 1 | S19: 일반 | T19: 14000000 | V19: 물가자료25년10월호1362Page | W19: TRUE
A20: JFAF-37, 하이드로포일형 교반기 | B20: =D20&"_"&F20&"_"&J20 -> M_AGT0701_VM_ECOWO_1.5 | C20: 수직 입축 하이드로포일형 | D20: {=INDEX(기계코드!$D$4:$D$1022,MATCH(1,(C20=기계코드!$F$4:$F$1022)*1,0))} -> M_AGT0701 | E20: 이코우 | F20: {=INDEX(공급업체코드!$B$3:$B$1000,MATCH(1,(E20=공급업체코드!$D$3:$D$1000)*1,0))} -> VM_ECOWO | G20: ECO-VHM-2 | I20: 91 | J20: 1.5 | K20: S_SYS01 | L20: 380 | M20: 0.865 | N20: 0.9 | O20: 60 | P20: 11 | Q20: EA | R20: =IF(P20<500,1,IF(P20<1000,2,IF(P20<5000,3,4))) -> 1 | S20: 일반 | T20: 16000000 | V20: 물가자료25년10월호1362Page | W20: TRUE
A21: JFAF-47, 하이드로포일형 교반기 | B21: =D21&"_"&F21&"_"&J21 -> M_AGT0701_VM_ECOWO_3.7 | C21: 수직 입축 하이드로포일형 | D21: {=INDEX(기계코드!$D$4:$D$1022,MATCH(1,(C21=기계코드!$F$4:$F$1022)*1,0))} -> M_AGT0701 | E21: 이코우 | F21: {=INDEX(공급업체코드!$B$3:$B$1000,MATCH(1,(E21=공급업체코드!$D$3:$D$1000)*1,0))} -> VM_ECOWO | G21: ECO-VHM-3 | I21: 224 | J21: 3.7 | K21: S_SYS01 | L21: 380 | M21: 0.895 | N21: 0.9 | O21: 60 | P21: 11 | Q21: EA | R21: =IF(P21<500,1,IF(P21<1000,2,IF(P21<5000,3,4))) -> 1 | S21: 일반 | T21: 17000000 | V21: 물가자료25년10월호1362Page | W21: TRUE
A22: 845-0.75kW-4P, AMX조 교반기 (변경) | B22: =D22&"_"&F22&"_"&I22 -> M_AGT0702_VM_BKT_52.5 | C22: 수직 입축 하이드로포일형 (AMX) | D22: {=INDEX(기계코드!$D$4:$D$1022,MATCH(1,(C22=기계코드!$F$4:$F$1022)*1,0))} -> M_AGT0702 | E22: (주)부강테크 | F22: {=INDEX(공급업체코드!$B$3:$B$1000,MATCH(1,(E22=공급업체코드!$D$3:$D$1000)*1,0))} -> VM_BKT | I22: 52.5 | J22: 0.75 | K22: S_SYS01 | L22: 380 | M22: 0.835 | N22: 0.9 | O22: 60 | P22: 0.123 | Q22: EA | S22: 공법 | T22: 68000000 | V22: 견적가 | W22: TRUE
A23: 845-1.5kW-4P, AMX조 교반기 | B23: =D23&"_"&F23&"_"&I23 -> M_AGT0702_VM_BKT_90 | C23: 수직 입축 하이드로포일형 (AMX) | D23: {=INDEX(기계코드!$D$4:$D$1022,MATCH(1,(C23=기계코드!$F$4:$F$1022)*1,0))} -> M_AGT0702 | E23: (주)부강테크 | F23: {=INDEX(공급업체코드!$B$3:$B$1000,MATCH(1,(E23=공급업체코드!$D$3:$D$1000)*1,0))} -> VM_BKT | I23: 90 | J23: 1.5 | K23: S_SYS01 | L23: 380 | M23: 0.865 | N23: 0.9 | O23: 60 | P23: 0.123 | Q23: EA | S23: 공법 | T23: 84000000 | V23: 견적가 | W23: TRUE
A24: 855-2.2kW-4P, AMX조 교반기 | B24: =D24&"_"&F24&"_"&I24 -> M_AGT0702_VM_BKT_137.5 | C24: 수직 입축 하이드로포일형 (AMX) | D24: {=INDEX(기계코드!$D$4:$D$1022,MATCH(1,(C24=기계코드!$F$4:$F$1022)*1,0))} -> M_AGT0702 | E24: (주)부강테크 | F24: {=INDEX(공급업체코드!$B$3:$B$1000,MATCH(1,(E24=공급업체코드!$D$3:$D$1000)*1,0))} -> VM_BKT | I24: 137.5 | J24: 2.2 | K24: S_SYS01 | L24: 380 | M24: 0.895 | N24: 0.9 | O24: 60 | P24: 0.123 | Q24: EA | S24: 공법 | T24: 91000000 | V24: 견적가 | W24: TRUE
A25: 855-3.7kW-4P, AMX조 교반기 | B25: =D25&"_"&F25&"_"&I25 -> M_AGT0702_VM_BKT_195 | C25: 수직 입축 하이드로포일형 (AMX) | D25: {=INDEX(기계코드!$D$4:$D$1022,MATCH(1,(C25=기계코드!$F$4:$F$1022)*1,0))} -> M_AGT0702 | E25: (주)부강테크 | F25: {=INDEX(공급업체코드!$B$3:$B$1000,MATCH(1,(E25=공급업체코드!$D$3:$D$1000)*1,0))} -> VM_BKT | I25: 195 | J25: 3.7 | K25: S_SYS01 | L25: 380 | M25: 0.895 | N25: 0.9 | O25: 60 | P25: 0.123 | Q25: EA | S25: 공법 | T25: 101000000 | V25: 견적가 | W25: TRUE
A26: 860-5.5kW-4P, AMX조 교반기 | B26: =D26&"_"&F26&"_"&I26 -> M_AGT0702_VM_BKT_280 | C26: 수직 입축 하이드로포일형 (AMX) | D26: {=INDEX(기계코드!$D$4:$D$1022,MATCH(1,(C26=기계코드!$F$4:$F$1022)*1,0))} -> M_AGT0702 | E26: (주)부강테크 | F26: {=INDEX(공급업체코드!$B$3:$B$1000,MATCH(1,(E26=공급업체코드!$D$3:$D$1000)*1,0))} -> VM_BKT | I26: 280 | J26: 5.5 | K26: S_SYS01 | L26: 380 | M26: 0.917 | N26: 0.9 | O26: 60 | P26: 0.123 | Q26: EA | S26: 공법 | T26: 114000000 | V26: 견적가 | W26: TRUE
A27: 880-11kW-4P, AMX조 교반기 | B27: =D27&"_"&F27&"_"&I27 -> M_AGT0702_VM_BKT_500 | C27: 수직 입축 하이드로포일형 (AMX) | D27: {=INDEX(기계코드!$D$4:$D$1022,MATCH(1,(C27=기계코드!$F$4:$F$1022)*1,0))} -> M_AGT0702 | E27: (주)부강테크 | F27: {=INDEX(공급업체코드!$B$3:$B$1000,MATCH(1,(E27=공급업체코드!$D$3:$D$1000)*1,0))} -> VM_BKT | I27: 500 | J27: 11 | K27: S_SYS01 | L27: 380 | M27: 0.924 | N27: 0.9 | O27: 60 | P27: 0.123 | Q27: EA | S27: 공법 | T27: 138000000 | V27: 견적가 | W27: TRUE
A28: SMX-4-15, 수중 프로펠러 믹서 | B28: =D28&"_"&F28&"_"&I28 -> M_AGT0601_VM_SAMJIN_140 | C28: 수중횡축 프로펠러형 | D28: {=INDEX(기계코드!$D$4:$D$1022,MATCH(1,(C28=기계코드!$F$4:$F$1022)*1,0))} -> M_AGT0601 | E28: 삼진공업 | F28: {=INDEX(공급업체코드!$B$3:$B$1000,MATCH(1,(E28=공급업체코드!$D$3:$D$1000)*1,0))} -> VM_SAMJIN | I28: 140 | J28: 1.5 | K28: S_SYS01 | L28: 380 | M28: 0.865 | N28: 0.9 | O28: 60 | P28: 11 | Q28: EA | R28: =IF(P28<500,1,IF(P28<1000,2,IF(P28<5000,3,4))) -> 1 | S28: 일반 | T28: 999 | V28: 견적 필요 | W28: TRUE
B30: =D30&"_"&F30&"_"&I30 -> M_AGT0603_VM_BKT_585 | C30: 혐기성소화조 수중교반기 | D30: {=INDEX(기계코드!$D$4:$D$1022,MATCH(1,(C30=기계코드!$F$4:$F$1022)*1,0))} -> M_AGT0603 | E30: (주)부강테크 | F30: {=INDEX(공급업체코드!$B$3:$B$1000,MATCH(1,(E30=공급업체코드!$D$3:$D$1000)*1,0))} -> VM_BKT | I30: 585 | J30: 3.7 | K30: S_SYS02 | L30: 380 | M30: 0.895 | N30: 0.9 | O30: 60 | P30: 0.123 | Q30: EA | S30: 공법 | T30: 146500000 | V30: 견적가 | W30: TRUE
B31: =D31&"_"&F31&"_"&I31 -> M_AGT0603_VM_BKT_1105 | C31: 혐기성소화조 수중교반기 | D31: {=INDEX(기계코드!$D$4:$D$1022,MATCH(1,(C31=기계코드!$F$4:$F$1022)*1,0))} -> M_AGT0603 | E31: (주)부강테크 | F31: {=INDEX(공급업체코드!$B$3:$B$1000,MATCH(1,(E31=공급업체코드!$D$3:$D$1000)*1,0))} -> VM_BKT | I31: 1105 | J31: 5.5 | K31: S_SYS02 | L31: 380 | M31: 0.917 | N31: 0.9 | O31: 60 | P31: 0.123 | Q31: EA | S31: 공법 | T31: 154500000 | V31: 견적가 | W31: TRUE
B32: =D32&"_"&F32&"_"&I32 -> M_AGT0603_VM_BKT_1664 | C32: 혐기성소화조 수중교반기 | D32: {=INDEX(기계코드!$D$4:$D$1022,MATCH(1,(C32=기계코드!$F$4:$F$1022)*1,0))} -> M_AGT0603 | E32: (주)부강테크 | F32: {=INDEX(공급업체코드!$B$3:$B$1000,MATCH(1,(E32=공급업체코드!$D$3:$D$1000)*1,0))} -> VM_BKT | I32: 1664 | J32: 7.5 | K32: S_SYS02 | L32: 380 | M32: 0.917 | N32: 0.9 | O32: 60 | P32: 0.123 | Q32: EA | S32: 공법 | T32: 156100000 | V32: 견적가 | W32: TRUE
B33: =D33&"_"&F33&"_"&I33 -> M_AGT0603_VM_BKT_2366 | C33: 혐기성소화조 수중교반기 | D33: {=INDEX(기계코드!$D$4:$D$1022,MATCH(1,(C33=기계코드!$F$4:$F$1022)*1,0))} -> M_AGT0603 | E33: (주)부강테크 | F33: {=INDEX(공급업체코드!$B$3:$B$1000,MATCH(1,(E33=공급업체코드!$D$3:$D$1000)*1,0))} -> VM_BKT | I33: 2366 | J33: 11 | K33: S_SYS02 | L33: 380 | M33: 0.924 | N33: 0.9 | O33: 60 | P33: 0.123 | Q33: EA | S33: 공법 | T33: 157700000 | V33: 견적가 | W33: TRUE

Sheet 펌프
B1: 장비코드 | D1: 장비유형 | F1: 공급업체명 | G1: 모델명 | H1: 최소 용량(㎥/min) | I1: 최대 용량(㎥/min) | J1: 최소 용량(㎥/hr) | K1: 최대 용량(㎥/hr) | L1: 최소 용량(ml/min) | M1: 최대 용량(mL/min) | N1: 최소 양정(m) | O1: 최대 양정(m) | P1: 최소 압력(kg/㎠) | Q1: 최대 압력(kg/㎠) | R1: 토출관경(mm) | S1: 최소 동력(kW) | T1: 최대 동력(kW) | U1: 기동방식 | V1: 정격전압(V) | W1: 효율(%) | X1: 역률(%) | Y1: 수용율(%) | Z1: 총중량(kg) | AA1: 단위 | AB1: 호표(1) | AC1: 분류 | AD1: 케이싱 재질 | AE1: 임펠라 재질 | AF1: 회전자스크류 재질 | AG1: 고정자 재질 | AH1: 헤드 재질 | AI1: 단가(원) | AJ1: 견적가(원) | AK1: 단가출처 | AL1: 사용여부 | AM1: 장비설명 | AN1: 단위시스템코드
B2: equipment_code | C2: 작업용 필드 | D2: equipment_type | E2: 작업용 필드 | F2: vendor_id | G2: model_number | H2: s_min_capacity_m3_min | I2: i_max_capacity_m3_min | J2: s_min_capacity_m3_h | K2: i_max_capacity_m3_h | L2: s_min_capacity_mL_min | M2: i_max_capacity_mL_min | N2: s_min_pump_head_m | O2: s_max_pump_head_m | P2: s_min_press_kg_cm2 | Q2: s_max_press_kg_cm2 | R2: s_discharge_dia_mm | S2: i_min_power_kW | T2: i_max_power_kW | U2: s_ctrl_method | V2: s_rated_volt_V | W2: s_efficiency_percent | X2: s_pwr_factor_percent | Y2: s_demand_factor_percent | Z2: s_total_wgt_kg | AA2: s_unit_NONE | AB2: s_primary_item_no_NONE | AC2: s_remark_NONE | AD2: i_casing_material_NONE | AE2: i_impeller_material_NONE | AF2: i_rotor_material_NONE | AG2: i_stator_material_NONE | AH2: i_head_material_NONE | AI2: o_unit_price_KRW | AJ2: o_invoice_price_KRW | AK2: o_price_reference | AL2: is_active | AM2: description | AN2: unit_system_code
A3: 50 KSE 0.75T, 수중 모터 펌프(탈착장치) | B3: =D3&"_"&F3&"_"&G3&"_"&I3&"C" -> M_PMP0302_VM_DH_ENG_50DHS-0.75_0.2C | C3: 수중오수모터펌프(자동탈착식) | D3: {=INDEX(기계코드!$D$4:$D$1022,MATCH(1,(C3=기계코드!$F$4:$F$1022)*1,0))} -> M_PMP0302 | E3: 동해엔지니어링 | F3: {=INDEX(공급업체코드!$B$3:$B$1000,MATCH(1,(E3=공급업체코드!$D$3:$D$1000)*1,0))} -> VM_DH_ENG | G3: 50DHS-0.75 | I3: 0.2 | O3: 10 | R3: 50 | T3: 0.75 | U3: S_SYS01 | V3: 380 | W3: 0.835 | X3: 0.9 | Y3: 80 | Z3: 35 | AA3: EA | AB3: 23 | AC3: 일반 | AD3: GC200 | AE3: GC200 | AI3: 1010000 | AK3: 물가자료25년10월호1364Page | AL3: TRUE
A4: 80 KSE 1.5T, 수중 모터 펌프(탈착장치) | B4: =D4&"_"&F4&"_"&G4&"_"&I4&"C" -> M_PMP0302_VM_DH_ENG_80DHS-1.5_0.5C | C4: 수중오수모터펌프(자동탈착식) | D4: {=INDEX(기계코드!$D$4:$D$1022,MATCH(1,(C4=기계코드!$F$4:$F$1022)*1,0))} -> M_PMP0302 | E4: 동해엔지니어링 | F4: {=INDEX(공급업체코드!$B$3:$B$1000,MATCH(1,(E4=공급업체코드!$D$3:$D$1000)*1,0))} -> VM_DH_ENG | G4: 80DHS-1.5 | I4: 0.5 | O4: 8 | R4: 80 | T4: 1.5 | U4: S_SYS01 | V4: 380 | W4: 0.865 | X4: 0.9 | Y4: 80 | Z4: 45 | AA4: EA | AB4: 23 | AC4: 일반 | AD4: GC200 | AE4: GC200 | AI4: 1590000 | AK4: 물가자료25년10월호1364Page | AL4: TRUE
A5: 80 KSE 2.2T, 수중 모터 펌프(탈착장치) | B5: =D5&"_"&F5&"_"&G5&"_"&I5&"C" -> M_PMP0302_VM_DH_ENG_80DHS-2.2_0.6C | C5: 수중오수모터펌프(자동탈착식) | D5: {=INDEX(기계코드!$D$4:$D$1022,MATCH(1,(C5=기계코드!$F$4:$F$1022)*1,0))} -> M_PMP0302 | E5: 동해엔지니어링 | F5: {=INDEX(공급업체코드!$B$3:$B$1000,MATCH(1,(E5=공급업체코드!$D$3:$D$1000)*1,0))} -> VM_DH_ENG | G5: 80DHS-2.2 | I5: 0.6 | O5: 10 | R5: 80 | T5: 2.2 | U5: S_SYS01 | V5: 380 | W5: 0.895 | X5: 0.9 | Y5: 80 | Z5: 80 | AA5: EA | AB5: 23 | AC5: 일반 | AD5: GC200 | AE5: GC200 | AI5: 1590000 | AK5: 물가자료25년10월호1364Page | AL5: TRUE
A6: 80 KSE 3.7T, 수중 모터 펌프(탈착장치) | B6: =D6&"_"&F6&"_"&G6&"_"&I6&"C" -> M_PMP0302_VM_DH_ENG_80DHS-3.7_0.6C | C6: 수중오수모터펌프(자동탈착식) | D6: {=INDEX(기계코드!$D$4:$D$1022,MATCH(1,(C6=기계코드!$F$4:$F$1022)*1,0))} -> M_PMP0302 | E6: 동해엔지니어링 | F6: {=INDEX(공급업체코드!$B$3:$B$1000,MATCH(1,(E6=공급업체코드!$D$3:$D$1000)*1,0))} -> VM_DH_ENG | G6: 80DHS-3.7 | I6: 0.6 | O6: 15 | R6: 80 | T6: 3.7 | U6: S_SYS01 | V6: 380 | W6: 0.895 | X6: 0.9 | Y6: 80 | Z6: 100 | AA6: EA | AB6: 23 | AC6: 일반 | AD6: GC200 | AE6: GC200 | AI6: 2090000 | AK6: 물가자료25년10월호1364Page | AL6: TRUE
A7: 100 KSE 5.5T, 수중 모터 펌프(탈착장치) | B7: =D7&"_"&F7&"_"&G7&"_"&I7&"C" -> M_PMP0302_VM_DH_ENG_100DHS-5.5_1C | C7: 수중오수모터펌프(자동탈착식) | D7: {=INDEX(기계코드!$D$4:$D$1022,MATCH(1,(C7=기계코드!$F$4:$F$1022)*1,0))} -> M_PMP0302 | E7: 동해엔지니어링 | F7: {=INDEX(공급업체코드!$B$3:$B$1000,MATCH(1,(E7=공급업체코드!$D$3:$D$1000)*1,0))} -> VM_DH_ENG | G7: 100DHS-5.5 | I7: 1 | O7: 16 | R7: 100 | T7: 5.5 | U7: S_SYS01 | V7: 380 | W7: 0.917 | X7: 0.9 | Y7: 80 | Z7: 200 | AA7: EA | AB7: 23 | AC7: 일반 | AD7: GC200 | AE7: GC200 | AI7: 2300000 | AK7: 물가자료25년10월호1364Page | AL7: TRUE
A8: 100 KSE 7.5T, 수중 모터 펌프(탈착장치) | B8: =D8&"_"&F8&"_"&G8&"_"&I8&"C" -> M_PMP0302_VM_DH_ENG_100DHS-7.5_1C | C8: 수중오수모터펌프(자동탈착식) | D8: {=INDEX(기계코드!$D$4:$D$1022,MATCH(1,(C8=기계코드!$F$4:$F$1022)*1,0))} -> M_PMP0302 | E8: 동해엔지니어링 | F8: {=INDEX(공급업체코드!$B$3:$B$1000,MATCH(1,(E8=공급업체코드!$D$3:$D$1000)*1,0))} -> VM_DH_ENG | G8: 100DHS-7.5 | I8: 1 | O8: 18 | R8: 100 | T8: 7.5 | U8: S_SYS01 | V8: 380 | W8: 0.917 | X8: 0.9 | Y8: 80 | Z8: 220 | AA8: EA | AB8: 23 | AC8: 일반 | AD8: GC200 | AE8: GC200 | AI8: 2600000 | AK8: 물가자료25년10월호1364Page | AL8: TRUE
A9: 150 KSE 11T, 수중 모터 펌프(탈착장치) | B9: =D9&"_"&F9&"_"&G9&"_"&I9&"C" -> M_PMP0302_VM_DH_ENG_150DHS-3.7_2.5C | C9: 수중오수모터펌프(자동탈착식) | D9: {=INDEX(기계코드!$D$4:$D$1022,MATCH(1,(C9=기계코드!$F$4:$F$1022)*1,0))} -> M_PMP0302 | E9: 동해엔지니어링 | F9: {=INDEX(공급업체코드!$B$3:$B$1000,MATCH(1,(E9=공급업체코드!$D$3:$D$1000)*1,0))} -> VM_DH_ENG | G9: 150DHS-3.7 | I9: 2.5 | O9: 5 | R9: 150 | T9: 3.7 | U9: S_SYS01 | V9: 380 | W9: 0.895 | X9: 0.9 | Y9: 80 | Z9: 230 | AA9: EA | AB9: 23 | AC9: 일반 | AD9: GC200 | AE9: GC200 | AI9: 6220000 | AK9: 물가자료25년10월호1364Page | AL9: TRUE
A10: 150 KSE 11T, 수중 모터 펌프(탈착장치) | B10: =D10&"_"&F10&"_"&G10&"_"&I10&"C" -> M_PMP0302_VM_DH_ENG_150DHS-5.5_2.5C | C10: 수중오수모터펌프(자동탈착식) | D10: {=INDEX(기계코드!$D$4:$D$1022,MATCH(1,(C10=기계코드!$F$4:$F$1022)*1,0))} -> M_PMP0302 | E10: 동해엔지니어링 | F10: {=INDEX(공급업체코드!$B$3:$B$1000,MATCH(1,(E10=공급업체코드!$D$3:$D$1000)*1,0))} -> VM_DH_ENG | G10: 150DHS-5.5 | I10: 2.5 | O10: 7 | R10: 150 | T10: 5.5 | U10: S_SYS01 | V10: 380 | W10: 0.917 | X10: 0.9 | Y10: 80 | Z10: 240 | AA10: EA | AB10: 23 | AC10: 일반 | AD10: GC200 | AE10: GC200 | AI10: 6220000 | AK10: 물가자료25년10월호1364Page | AL10: TRUE
A11: 150 KSE 11T, 수중 모터 펌프(탈착장치) | B11: =D11&"_"&F11&"_"&G11&"_"&I11&"C" -> M_PMP0302_VM_DH_ENG_150DHS-7.5_2.5C | C11: 수중오수모터펌프(자동탈착식) | D11: {=INDEX(기계코드!$D$4:$D$1022,MATCH(1,(C11=기계코드!$F$4:$F$1022)*1,0))} -> M_PMP0302 | E11: 동해엔지니어링 | F11: {=INDEX(공급업체코드!$B$3:$B$1000,MATCH(1,(E11=공급업체코드!$D$3:$D$1000)*1,0))} -> VM_DH_ENG | G11: 150DHS-7.5 | I11: 2.5 | O11: 9 | R11: 150 | T11: 7.5 | U11: S_SYS01 | V11: 380 | W11: 0.917 | X11: 0.9 | Y11: 80 | Z11: 250 | AA11: EA | AB11: 23 | AC11: 일반 | AD11: GC200 | AE11: GC200 | AI11: 6220000 | AK11: 물가자료25년10월호1364Page | AL11: TRUE
A12: 150 KSE 11T, 수중 모터 펌프(탈착장치) | B12: =D12&"_"&F12&"_"&G12&"_"&I12&"C" -> M_PMP0302_VM_DH_ENG_150DHS-11_2.5C | C12: 수중오수모터펌프(자동탈착식) | D12: {=INDEX(기계코드!$D$4:$D$1022,MATCH(1,(C12=기계코드!$F$4:$F$1022)*1,0))} -> M_PMP0302 | E12: 동해엔지니어링 | F12: {=INDEX(공급업체코드!$B$3:$B$1000,MATCH(1,(E12=공급업체코드!$D$3:$D$1000)*1,0))} -> VM_DH_ENG | G12: 150DHS-11 | I12: 2.5 | O12: 15 | R12: 150 | T12: 11 | U12: S_SYS01 | V12: 380 | W12: 0.924 | X12: 0.9 | Y12: 80 | Z12: 265 | AA12: EA | AB12: 24 | AC12: 일반 | AD12: GC200 | AE12: GC200 | AI12: 6220000 | AK12: 물가자료25년10월호1364Page | AL12: TRUE
A13: 150 KSE 11T, 수중 모터 펌프(탈착장치) | B13: =D13&"_"&F13&"_"&G13&"_"&I13&"C" -> M_PMP0302_VM_DH_ENG_150DHS-15_2.5C | C13: 수중오수모터펌프(자동탈착식) | D13: {=INDEX(기계코드!$D$4:$D$1022,MATCH(1,(C13=기계코드!$F$4:$F$1022)*1,0))} -> M_PMP0302 | E13: 동해엔지니어링 | F13: {=INDEX(공급업체코드!$B$3:$B$1000,MATCH(1,(E13=공급업체코드!$D$3:$D$1000)*1,0))} -> VM_DH_ENG | G13: 150DHS-15 | I13: 2.5 | O13: 20 | R13: 150 | T13: 15 | U13: S_SYS03 | V13: 380 | W13: 0.93 | X13: 0.9 | Y13: 80 | Z13: 280 | AA13: EA | AB13: 24 | AC13: 일반 | AD13: GC200 | AE13: GC200 | AI13: 6220000 | AK13: 물가자료25년10월호1364Page | AL13: TRUE
A14: 150 KSE 15T, 수중 모터 펌프(탈착장치) | B14: =D14&"_"&F14&"_"&G14&"_"&I14&"C" -> M_PMP0302_VM_DH_ENG_150DHS-19_2.5C | C14: 수중오수모터펌프(자동탈착식) | D14: {=INDEX(기계코드!$D$4:$D$1022,MATCH(1,(C14=기계코드!$F$4:$F$1022)*1,0))} -> M_PMP0302 | E14: 동해엔지니어링 | F14: {=INDEX(공급업체코드!$B$3:$B$1000,MATCH(1,(E14=공급업체코드!$D$3:$D$1000)*1,0))} -> VM_DH_ENG | G14: 150DHS-19 | I14: 2.5 | O14: 22 | R14: 150 | T14: 19 | U14: S_SYS03 | V14: 380 | W14: 0.936 | X14: 0.9 | Y14: 80 | Z14: 360 | AA14: EA | AB14: 25 | AC14: 일반 | AD14: GC200 | AE14: GC200 | AI14: 6220000 | AK14: 물가자료25년10월호1364Page | AL14: TRUE
A15: 150 KSE 15T, 수중 모터 펌프(탈착장치) | B15: =D15&"_"&F15&"_"&G15&"_"&I15&"C" -> M_PMP0302_VM_DH_ENG_150DHS-22_2.5C | C15: 수중오수모터펌프(자동탈착식) | D15: {=INDEX(기계코드!$D$4:$D$1022,MATCH(1,(C15=기계코드!$F$4:$F$1022)*1,0))} -> M_PMP0302 | E15: 동해엔지니어링 | F15: {=INDEX(공급업체코드!$B$3:$B$1000,MATCH(1,(E15=공급업체코드!$D$3:$D$1000)*1,0))} -> VM_DH_ENG | G15: 150DHS-22 | I15: 2.5 | O15: 25 | R15: 150 | T15: 22 | U15: S_SYS03 | V15: 380 | W15: 0.936 | X15: 0.9 | Y15: 80 | Z15: 380 | AA15: EA | AB15: 25 | AC15: 일반 | AD15: GC200 | AE15: GC200 | AI15: 6220000 | AK15: 물가자료25년10월호1364Page | AL15: TRUE
A16: 200 KSE 22T, 수중 모터 펌프(탈착장치) | B16: =D16&"_"&F16&"_"&G16&"_"&I16&"C" -> M_PMP0302_VM_DH_ENG_150DHS-30_4.5C | C16: 수중오수모터펌프(자동탈착식) | D16: {=INDEX(기계코드!$D$4:$D$1022,MATCH(1,(C16=기계코드!$F$4:$F$1022)*1,0))} -> M_PMP0302 | E16: 동해엔지니어링 | F16: {=INDEX(공급업체코드!$B$3:$B$1000,MATCH(1,(E16=공급업체코드!$D$3:$D$1000)*1,0))} -> VM_DH_ENG | G16: 150DHS-30 | I16: 4.5 | M16: 0 | O16: 30 | R16: 150 | T16: 30 | U16: S_SYS03 | V16: 380 | W16: 0.941 | X16: 0.9 | Y16: 80 | Z16: 390 | AA16: EA | AB16: 25 | AC16: 일반 | AD16: GC200 | AE16: GC200 | AI16: 6220000 | AK16: 물가자료25년10월호1364Page | AL16: TRUE
A17: 200 KSE 22T, 수중 모터 펌프(탈착장치) | B17: =D17&"_"&F17&"_"&G17&"_"&I17&"C" -> M_PMP0302_VM_DH_ENG_200DHS-11_4.5C | C17: 수중오수모터펌프(자동탈착식) | D17: {=INDEX(기계코드!$D$4:$D$1022,MATCH(1,(C17=기계코드!$F$4:$F$1022)*1,0))} -> M_PMP0302 | E17: 동해엔지니어링 | F17: {=INDEX(공급업체코드!$B$3:$B$1000,MATCH(1,(E17=공급업체코드!$D$3:$D$1000)*1,0))} -> VM_DH_ENG | G17: 200DHS-11 | I17: 4.5 | O17: 9 | R17: 200 | T17: 11 | U17: S_SYS01 | V17: 380 | W17: 0.924 | X17: 0.9 | Y17: 80 | Z17: 305 | AA17: EA | AB17: 24 | AC17: 일반 | AD17: GC200 | AE17: GC200 | AI17: 7830000 | AK17: 물가자료25년10월호1364Page | AL17: TRUE
A18: 200 KSE 22T, 수중 모터 펌프(탈착장치) | B18: =D18&"_"&F18&"_"&G18&"_"&I18&"C" -> M_PMP0302_VM_DH_ENG_200DHS-15_4.5C | C18: 수중오수모터펌프(자동탈착식) | D18: {=INDEX(기계코드!$D$4:$D$1022,MATCH(1,(C18=기계코드!$F$4:$F$1022)*1,0))} -> M_PMP0302 | E18: 동해엔지니어링 | F18: {=INDEX(공급업체코드!$B$3:$B$1000,MATCH(1,(E18=공급업체코드!$D$3:$D$1000)*1,0))} -> VM_DH_ENG | G18: 200DHS-15 | I18: 4.5 | O18: 13 | R18: 200 | T18: 15 | U18: S_SYS03 | V18: 380 | W18: 0.93 | X18: 0.9 | Y18: 80 | Z18: 320 | AA18: EA | AB18: 24 | AC18: 일반 | AD18: GC200 | AE18: GC200 | AI18: 7830000 | AK18: 물가자료25년10월호1364Page | AL18: TRUE
A19: 200 KSE 22T, 수중 모터 펌프(탈착장치) | B19: =D19&"_"&F19&"_"&G19&"_"&I19&"C" -> M_PMP0302_VM_DH_ENG_200DHS-22_4.5C | C19: 수중오수모터펌프(자동탈착식) | D19: {=INDEX(기계코드!$D$4:$D$1022,MATCH(1,(C19=기계코드!$F$4:$F$1022)*1,0))} -> M_PMP0302 | E19: 동해엔지니어링 | F19: {=INDEX(공급업체코드!$B$3:$B$1000,MATCH(1,(E19=공급업체코드!$D$3:$D$1000)*1,0))} -> VM_DH_ENG | G19: 200DHS-22 | I19: 4.5 | O19: 18 | R19: 200 | T19: 22 | U19: S_SYS03 | V19: 380 | W19: 0.936 | X19: 0.9 | Y19: 80 | Z19: 510 | AA19: EA | AB19: 25 | AC19: 일반 | AD19: GC200 | AE19: GC200 | AI19: 9630000 | AK19: 물가자료25년10월호1364Page | AL19: TRUE
A20: 200 KSE 37T, 수중 모터 펌프(탈착장치) | B20: =D20&"_"&F20&"_"&G20&"_"&I20&"C" -> M_PMP0302_VM_DH_ENG_200DHS-30_4.5C | C20: 수중오수모터펌프(자동탈착식) | D20: {=INDEX(기계코드!$D$4:$D$1022,MATCH(1,(C20=기계코드!$F$4:$F$1022)*1,0))} -> M_PMP0302 | E20: 동해엔지니어링 | F20: {=INDEX(공급업체코드!$B$3:$B$1000,MATCH(1,(E20=공급업체코드!$D$3:$D$1000)*1,0))} -> VM_DH_ENG | G20: 200DHS-30 | I20: 4.5 | O20: 20 | R20: 200 | T20: 30 | U20: S_SYS03 | V20: 380 | W20: 0.941 | X20: 0.9 | Y20: 80 | Z20: 540 | AA20: EA | AB20: 25 | AC20: 일반 | AD20: GC200 | AE20: GC200 | AI20: 9630000 | AK20: 물가자료25년10월호1364Page | AL20: TRUE
A21: 200 KSE 37T, 수중 모터 펌프(탈착장치) | B21: =D21&"_"&F21&"_"&G21&"_"&I21&"C" -> M_PMP0302_VM_DH_ENG_200DHS-37_4.5C | C21: 수중오수모터펌프(자동탈착식) | D21: {=INDEX(기계코드!$D$4:$D$1022,MATCH(1,(C21=기계코드!$F$4:$F$1022)*1,0))} -> M_PMP0302 | E21: 동해엔지니어링 | F21: {=INDEX(공급업체코드!$B$3:$B$1000,MATCH(1,(E21=공급업체코드!$D$3:$D$1000)*1,0))} -> VM_DH_ENG | G21: 200DHS-37 | I21: 4.5 | O21: 28 | R21: 200 | T21: 37 | U21: S_SYS03 | V21: 380 | W21: 0.945 | X21: 0.9 | Y21: 80 | Z21: 560 | AA21: EA | AC21: 일반 | AD21: GC200 | AE21: GC200 | AI21: 9630000 | AK21: 물가자료25년10월호1364Page | AL21: TRUE
A22: 200 KSE 37T, 수중 모터 펌프(탈착장치) | B22: =D22&"_"&F22&"_"&G22&"_"&I22&"C" -> M_PMP0302_VM_DH_ENG_200DHS-55_4.5C | C22: 수중오수모터펌프(자동탈착식) | D22: {=INDEX(기계코드!$D$4:$D$1022,MATCH(1,(C22=기계코드!$F$4:$F$1022)*1,0))} -> M_PMP0302 | E22: 동해엔지니어링 | F22: {=INDEX(공급업체코드!$B$3:$B$1000,MATCH(1,(E22=공급업체코드!$D$3:$D$1000)*1,0))} -> VM_DH_ENG | G22: 200DHS-55 | I22: 4.5 | O22: 40 | R22: 200 | T22: 55 | U22: S_SYS03 | V22: 380 | W22: 0.954 | X22: 0.9 | Y22: 80 | Z22: 590 | AA22: EA | AC22: 일반 | AD22: GC200 | AE22: GC200 | AI22: 9630000 | AK22: 물가자료25년10월호1364Page | AL22: TRUE
A23: 250 KSE 30T, 수중 모터 펌프(탈착장치) | B23: =D23&"_"&F23&"_"&G23&"_"&I23&"C" -> M_PMP0302_VM_DH_ENG_250DHS-11_6C | C23: 수중오수모터펌프(자동탈착식) | D23: {=INDEX(기계코드!$D$4:$D$1022,MATCH(1,(C23=기계코드!$F$4:$F$1022)*1,0))} -> M_PMP0302 | E23: 동해엔지니어링 | F23: {=INDEX(공급업체코드!$B$3:$B$1000,MATCH(1,(E23=공급업체코드!$D$3:$D$1000)*1,0))} -> VM_DH_ENG | G23: 250DHS-11 | I23: 6 | O23: 7 | R23: 250 | T23: 11 | U23: S_SYS01 | V23: 380 | W23: 0.924 | X23: 0.9 | Y23: 80 | Z23: 430 | AA23: EA | AB23: 24 | AC23: 일반 | AD23: GC200 | AE23: GC200 | AI23: 14200000 | AK23: 물가자료25년10월호1364Page | AL23: TRUE
A24: 250 KSE 30T, 수중 모터 펌프(탈착장치) | B24: =D24&"_"&F24&"_"&G24&"_"&I24&"C" -> M_PMP0302_VM_DH_ENG_250DHS-15_6.5C | C24: 수중오수모터펌프(자동탈착식) | D24: {=INDEX(기계코드!$D$4:$D$1022,MATCH(1,(C24=기계코드!$F$4:$F$1022)*1,0))} -> M_PMP0302 | E24: 동해엔지니어링 | F24: {=INDEX(공급업체코드!$B$3:$B$1000,MATCH(1,(E24=공급업체코드!$D$3:$D$1000)*1,0))} -> VM_DH_ENG | G24: 250DHS-15 | I24: 6.5 | O24: 9 | R24: 250 | T24: 15 | U24: S_SYS03 | V24: 380 | W24: 0.93 | X24: 0.9 | Y24: 80 | Z24: 450 | AA24: EA | AB24: 24 | AC24: 일반 | AD24: GC200 | AE24: GC200 | AI24: 14200000 | AK24: 물가자료25년10월호1364Page | AL24: TRUE
A25: 250 KSE 30T, 수중 모터 펌프(탈착장치) | B25: =D25&"_"&F25&"_"&G25&"_"&I25&"C" -> M_PMP0302_VM_DH_ENG_250DHS-22_7C | C25: 수중오수모터펌프(자동탈착식) | D25: {=INDEX(기계코드!$D$4:$D$1022,MATCH(1,(C25=기계코드!$F$4:$F$1022)*1,0))} -> M_PMP0302 | E25: 동해엔지니어링 | F25: {=INDEX(공급업체코드!$B$3:$B$1000,MATCH(1,(E25=공급업체코드!$D$3:$D$1000)*1,0))} -> VM_DH_ENG | G25: 250DHS-22 | I25: 7 | O25: 11.5 | R25: 250 | T25: 22 | U25: S_SYS03 | V25: 380 | W25: 0.936 | X25: 0.9 | Y25: 80 | Z25: 650 | AA25: EA | AB25: 25 | AC25: 일반 | AD25: GC200 | AE25: GC200 | AI25: 14200000 | AK25: 물가자료25년10월호1364Page | AL25: TRUE
A26: 250 KSE 30T, 수중 모터 펌프(탈착장치) | B26: =D26&"_"&F26&"_"&G26&"_"&I26&"C" -> M_PMP0302_VM_DH_ENG_250DHS-30_6.5C | C26: 수중오수모터펌프(자동탈착식) | D26: {=INDEX(기계코드!$D$4:$D$1022,MATCH(1,(C26=기계코드!$F$4:$F$1022)*1,0))} -> M_PMP0302 | E26: 동해엔지니어링 | F26: {=INDEX(공급업체코드!$B$3:$B$1000,MATCH(1,(E26=공급업체코드!$D$3:$D$1000)*1,0))} -> VM_DH_ENG | G26: 250DHS-30 | I26: 6.5 | O26: 15 | R26: 250 | T26: 30 | U26: S_SYS03 | V26: 380 | W26: 0.941 | X26: 0.9 | Y26: 80 | Z26: 675 | AA26: EA | AB26: 25 | AC26: 일반 | AD26: GC200 | AE26: GC200 | AI26: 14200000 | AK26: 물가자료25년10월호1364Page | AL26: TRUE
A27: 250 KSE 37T, 수중 모터 펌프(탈착장치) | B27: =D27&"_"&F27&"_"&G27&"_"&I27&"C" -> M_PMP0302_VM_DH_ENG_250DHS-37_7C | C27: 수중오수모터펌프(자동탈착식) | D27: {=INDEX(기계코드!$D$4:$D$1022,MATCH(1,(C27=기계코드!$F$4:$F$1022)*1,0))} -> M_PMP0302 | E27: 동해엔지니어링 | F27: {=INDEX(공급업체코드!$B$3:$B$1000,MATCH(1,(E27=공급업체코드!$D$3:$D$1000)*1,0))} -> VM_DH_ENG | G27: 250DHS-37 | I27: 7 | O27: 19 | R27: 250 | T27: 37 | U27: S_SYS03 | V27: 380 | W27: 0.945 | X27: 0.9 | Y27: 80 | Z27: 710 | AA27: EA | AC27: 일반 | AD27: GC200 | AE27: GC200 | AI27: 16900000 | AK27: 물가자료25년10월호1364Page | AL27: TRUE
A28: 250 KSE 45T, 수중 모터 펌프(탈착장치) | B28: =D28&"_"&F28&"_"&G28&"_"&I28&"C" -> M_PMP0302_VM_DH_ENG_250DHS-45_6C | C28: 수중오수모터펌프(자동탈착식) | D28: {=INDEX(기계코드!$D$4:$D$1022,MATCH(1,(C28=기계코드!$F$4:$F$1022)*1,0))} -> M_PMP0302 | E28: 동해엔지니어링 | F28: {=INDEX(공급업체코드!$B$3:$B$1000,MATCH(1,(E28=공급업체코드!$D$3:$D$1000)*1,0))} -> VM_DH_ENG | G28: 250DHS-45 | I28: 6 | O28: 26 | R28: 250 | T28: 45 | U28: S_SYS03 | V28: 380 | W28: 0.95 | X28: 0.9 | Y28: 80 | Z28: 800 | AA28: EA | AC28: 일반 | AD28: GC200 | AE28: GC200 | AI28: 19700000 | AK28: 물가자료25년10월호1364Page | AL28: TRUE
A29: 250 KSE 55T, 수중 모터 펌프(탈착장치) | B29: =D29&"_"&F29&"_"&G29&"_"&I29&"C" -> M_PMP0302_VM_DH_ENG_250DHS-55_7C | C29: 수중오수모터펌프(자동탈착식) | D29: {=INDEX(기계코드!$D$4:$D$1022,MATCH(1,(C29=기계코드!$F$4:$F$1022)*1,0))} -> M_PMP0302 | E29: 동해엔지니어링 | F29: {=INDEX(공급업체코드!$B$3:$B$1000,MATCH(1,(E29=공급업체코드!$D$3:$D$1000)*1,0))} -> VM_DH_ENG | G29: 250DHS-55 | I29: 7 | O29: 30 | R29: 250 | T29: 55 | U29: S_SYS03 | V29: 380 | W29: 0.954 | X29: 0.9 | Y29: 80 | Z29: 950 | AA29: EA | AC29: 일반 | AD29: GC200 | AE29: GC200 | AI29: 26400000 | AK29: 물가자료25년10월호1364Page | AL29: TRUE
A30: 250 KSE 75T, 수중 모터 펌프(탈착장치) | B30: =D30&"_"&F30&"_"&G30&"_"&I30&"C" -> M_PMP0302_VM_DH_ENG_250DHS-75_7C | C30: 수중오수모터펌프(자동탈착식) | D30: {=INDEX(기계코드!$D$4:$D$1022,MATCH(1,(C30=기계코드!$F$4:$F$1022)*1,0))} -> M_PMP0302 | E30: 동해엔지니어링 | F30: {=INDEX(공급업체코드!$B$3:$B$1000,MATCH(1,(E30=공급업체코드!$D$3:$D$1000)*1,0))} -> VM_DH_ENG | G30: 250DHS-75 | I30: 7 | O30: 40 | R30: 250 | T30: 75 | U30: S_SYS03 | V30: 380 | W30: 0.954 | X30: 0.9 | Y30: 80 | Z30: 1100 | AA30: EA | AC30: 일반 | AD30: GC200 | AE30: GC200 | AI30: 26400000 | AK30: 물가자료25년10월호1364Page | AL30: TRUE
A31: 300 KSE 22T, 수중 모터 펌프(탈착장치) | B31: =D31&"_"&F31&"_"&G31&"_"&I31&"C" -> M_PMP0302_VM_DH_ENG_300DHS-15_9C | C31: 수중오수모터펌프(자동탈착식) | D31: {=INDEX(기계코드!$D$4:$D$1022,MATCH(1,(C31=기계코드!$F$4:$F$1022)*1,0))} -> M_PMP0302 | E31: 동해엔지니어링 | F31: {=INDEX(공급업체코드!$B$3:$B$1000,MATCH(1,(E31=공급업체코드!$D$3:$D$1000)*1,0))} -> VM_DH_ENG | G31: 300DHS-15 | I31: 9 | O31: 6.5 | R31: 300 | T31: 15 | U31: S_SYS03 | V31: 380 | W31: 0.93 | X31: 0.9 | Y31: 80 | Z31: 580 | AA31: EA | AB31: 24 | AC31: 일반 | AD31: GC200 | AE31: GC200 | AI31: 16030000 | AK31: 물가자료25년10월호1364Page | AL31: TRUE
A32: 300 KSE 37T, 수중 모터 펌프(탈착장치) | B32: =D32&"_"&F32&"_"&G32&"_"&I32&"C" -> M_PMP0302_VM_DH_ENG_300DHS-22_10C | C32: 수중오수모터펌프(자동탈착식) | D32: {=INDEX(기계코드!$D$4:$D$1022,MATCH(1,(C32=기계코드!$F$4:$F$1022)*1,0))} -> M_PMP0302 | E32: 동해엔지니어링 | F32: {=INDEX(공급업체코드!$B$3:$B$1000,MATCH(1,(E32=공급업체코드!$D$3:$D$1000)*1,0))} -> VM_DH_ENG | G32: 300DHS-22 | I32: 10 | O32: 9 | R32: 300 | T32: 22 | U32: S_SYS03 | V32: 380 | W32: 0.936 | X32: 0.9 | Y32: 80 | Z32: 780 | AA32: EA | AB32: 25 | AC32: 일반 | AD32: GC200 | AE32: GC200 | AI32: 16030000 | AK32: 물가자료25년10월호1364Page | AL32: TRUE
A33: 300 KSE 37T, 수중 모터 펌프(탈착장치) | B33: =D33&"_"&F33&"_"&G33&"_"&I33&"C" -> M_PMP0302_VM_DH_ENG_300DHS-30_10C | C33: 수중오수모터펌프(자동탈착식) | D33: {=INDEX(기계코드!$D$4:$D$1022,MATCH(1,(C33=기계코드!$F$4:$F$1022)*1,0))} -> M_PMP0302 | E33: 동해엔지니어링 | F33: {=INDEX(공급업체코드!$B$3:$B$1000,MATCH(1,(E33=공급업체코드!$D$3:$D$1000)*1,0))} -> VM_DH_ENG | G33: 300DHS-30 | I33: 10 | O33: 11.5 | R33: 300 | T33: 30 | U33: S_SYS03 | V33: 380 | W33: 0.941 | X33: 0.9 | Y33: 80 | Z33: 820 | AA33: EA | AB33: 25 | AC33: 일반 | AD33: GC200 | AE33: GC200 | AI33: 21030000 | AK33: 물가자료25년10월호1364Page | AL33: TRUE
A34: 300 KSE 45T, 수중 모터 펌프(탈착장치) | B34: =D34&"_"&F34&"_"&G34&"_"&I34&"C" -> M_PMP0302_VM_DH_ENG_300DHS-37_10C | C34: 수중오수모터펌프(자동탈착식) | D34: {=INDEX(기계코드!$D$4:$D$1022,MATCH(1,(C34=기계코드!$F$4:$F$1022)*1,0))} -> M_PMP0302 | E34: 동해엔지니어링 | F34: {=INDEX(공급업체코드!$B$3:$B$1000,MATCH(1,(E34=공급업체코드!$D$3:$D$1000)*1,0))} -> VM_DH_ENG | G34: 300DHS-37 | I34: 10 | O34: 15 | R34: 300 | T34: 37 | U34: S_SYS03 | V34: 380 | W34: 0.945 | X34: 0.9 | Y34: 80 | Z34: 920 | AA34: EA | AC34: 일반 | AD34: GC200 | AE34: GC200 | AI34: 21030000 | AK34: 물가자료25년10월호1364Page | AL34: TRUE
A35: 300 KSE 45T, 수중 모터 펌프(탈착장치) | B35: =D35&"_"&F35&"_"&G35&"_"&I35&"C" -> M_PMP0302_VM_DH_ENG_300DHS-45_10C | C35: 수중오수모터펌프(자동탈착식) | D35: {=INDEX(기계코드!$D$4:$D$1022,MATCH(1,(C35=기계코드!$F$4:$F$1022)*1,0))} -> M_PMP0302 | E35: 동해엔지니어링 | F35: {=INDEX(공급업체코드!$B$3:$B$1000,MATCH(1,(E35=공급업체코드!$D$3:$D$1000)*1,0))} -> VM_DH_ENG | G35: 300DHS-45 | I35: 10 | O35: 18 | R35: 300 | T35: 45 | U35: S_SYS03 | V35: 380 | W35: 0.95 | X35: 0.9 | Y35: 80 | Z35: 960 | AA35: EA | AC35: 일반 | AD35: GC200 | AE35: GC200 | AI35: 26030000 | AK35: 물가자료25년10월호1364Page | AL35: TRUE
A36: 300 KSE 55T, 수중 모터 펌프(탈착장치) | B36: =D36&"_"&F36&"_"&G36&"_"&I36&"C" -> M_PMP0302_VM_DH_ENG_300DHS-55_10C | C36: 수중오수모터펌프(자동탈착식) | D36: {=INDEX(기계코드!$D$4:$D$1022,MATCH(1,(C36=기계코드!$F$4:$F$1022)*1,0))} -> M_PMP0302 | E36: 동해엔지니어링 | F36: {=INDEX(공급업체코드!$B$3:$B$1000,MATCH(1,(E36=공급업체코드!$D$3:$D$1000)*1,0))} -> VM_DH_ENG | G36: 300DHS-55 | I36: 10 | O36: 21 | R36: 300 | T36: 55 | U36: S_SYS03 | V36: 380 | W36: 0.954 | X36: 0.9 | Y36: 80 | Z36: 980 | AA36: EA | AC36: 일반 | AD36: GC200 | AE36: GC200 | AI36: 26030000 | AK36: 물가자료25년10월호1364Page | AL36: TRUE
A37: 300 KSE 75T, 수중 모터 펌프(탈착장치) | B37: =D37&"_"&F37&"_"&G37&"_"&I37&"C" -> M_PMP0302_VM_DH_ENG_300DHS-75_10C | C37: 수중오수모터펌프(자동탈착식) | D37: {=INDEX(기계코드!$D$4:$D$1022,MATCH(1,(C37=기계코드!$F$4:$F$1022)*1,0))} -> M_PMP0302 | E37: 동해엔지니어링 | F37: {=INDEX(공급업체코드!$B$3:$B$1000,MATCH(1,(E37=공급업체코드!$D$3:$D$1000)*1,0))} -> VM_DH_ENG | G37: 300DHS-75 | I37: 10 | O37: 30 | R37: 300 | T37: 75 | U37: S_SYS03 | V37: 380 | W37: 0.954 | X37: 0.9 | Y37: 80 | Z37: 1110 | AA37: EA | AC37: 일반 | AD37: GC200 | AE37: GC200 | AI37: 31030000 | AK37: 물가자료25년10월호1364Page | AL37: TRUE
A38: 400 KSE 37T, 수중 모터 펌프(탈착장치) | B38: =D38&"_"&F38&"_"&G38&"_"&I38&"C" -> M_PMP0302_VM_DH_ENG_400DHS-22_20C | C38: 수중오수모터펌프(자동탈착식) | D38: {=INDEX(기계코드!$D$4:$D$1022,MATCH(1,(C38=기계코드!$F$4:$F$1022)*1,0))} -> M_PMP0302 | E38: 동해엔지니어링 | F38: {=INDEX(공급업체코드!$B$3:$B$1000,MATCH(1,(E38=공급업체코드!$D$3:$D$1000)*1,0))} -> VM_DH_ENG | G38: 400DHS-22 | I38: 20 | O38: 4 | R38: 400 | T38: 22 | U38: S_SYS03 | V38: 380 | W38: 0.936 | X38: 0.9 | Y38: 80 | Z38: 1680 | AA38: EA | AB38: 25 | AC38: 일반 | AD38: GC200 | AE38: GC200 | AI38: 29600000 | AK38: 물가자료25년10월호1364Page | AL38: TRUE
A39: 400 KSE 37T, 수중 모터 펌프(탈착장치) | B39: =D39&"_"&F39&"_"&G39&"_"&I39&"C" -> M_PMP0302_VM_DH_ENG_400DHS-37_20C | C39: 수중오수모터펌프(자동탈착식) | D39: {=INDEX(기계코드!$D$4:$D$1022,MATCH(1,(C39=기계코드!$F$4:$F$1022)*1,0))} -> M_PMP0302 | E39: 동해엔지니어링 | F39: {=INDEX(공급업체코드!$B$3:$B$1000,MATCH(1,(E39=공급업체코드!$D$3:$D$1000)*1,0))} -> VM_DH_ENG | G39: 400DHS-37 | I39: 20 | O39: 7 | R39: 400 | T39: 37 | U39: S_SYS03 | V39: 380 | W39: 0.945 | X39: 0.9 | Y39: 80 | Z39: 1720 | AA39: EA | AC39: 일반 | AD39: GC200 | AE39: GC200 | AI39: 29600000 | AK39: 물가자료25년10월호1364Page | AL39: TRUE
A40: 400 KSE 45T, 수중 모터 펌프(탈착장치) | B40: =D40&"_"&F40&"_"&G40&"_"&I40&"C" -> M_PMP0302_VM_DH_ENG_400DHS-45_20C | C40: 수중오수모터펌프(자동탈착식) | D40: {=INDEX(기계코드!$D$4:$D$1022,MATCH(1,(C40=기계코드!$F$4:$F$1022)*1,0))} -> M_PMP0302 | E40: 동해엔지니어링 | F40: {=INDEX(공급업체코드!$B$3:$B$1000,MATCH(1,(E40=공급업체코드!$D$3:$D$1000)*1,0))} -> VM_DH_ENG | G40: 400DHS-45 | I40: 20 | O40: 9 | R40: 400 | T40: 45 | U40: S_SYS03 | V40: 380 | W40: 0.95 | X40: 0.9 | Y40: 80 | Z40: 1760 | AA40: EA | AC40: 일반 | AD40: GC200 | AE40: GC200 | AI40: 33100000 | AK40: 물가자료25년10월호1364Page | AL40: TRUE
A41: 400 KSE 55T, 수중 모터 펌프(탈착장치) | B41: =D41&"_"&F41&"_"&G41&"_"&I41&"C" -> M_PMP0302_VM_DH_ENG_400DHS-55_20C | C41: 수중오수모터펌프(자동탈착식) | D41: {=INDEX(기계코드!$D$4:$D$1022,MATCH(1,(C41=기계코드!$F$4:$F$1022)*1,0))} -> M_PMP0302 | E41: 동해엔지니어링 | F41: {=INDEX(공급업체코드!$B$3:$B$1000,MATCH(1,(E41=공급업체코드!$D$3:$D$1000)*1,0))} -> VM_DH_ENG | G41: 400DHS-55 | I41: 20 | O41: 11 | R41: 400 | T41: 55 | U41: S_SYS03 | V41: 380 | W41: 0.954 | X41: 0.9 | Y41: 80 | Z41: 1790 | AA41: EA | AC41: 일반 | AD41: GC200 | AE41: GC200 | AI41: 34600000 | AK41: 물가자료25년10월호1364Page | AL41: TRUE
A42: 400 KSE 75T, 수중 모터 펌프(탈착장치) | B42: =D42&"_"&F42&"_"&G42&"_"&I42&"C" -> M_PMP0302_VM_DH_ENG_400DHS-75_20C | C42: 수중오수모터펌프(자동탈착식) | D42: {=INDEX(기계코드!$D$4:$D$1022,MATCH(1,(C42=기계코드!$F$4:$F$1022)*1,0))} -> M_PMP0302 | E42: 동해엔지니어링 | F42: {=INDEX(공급업체코드!$B$3:$B$1000,MATCH(1,(E42=공급업체코드!$D$3:$D$1000)*1,0))} -> VM_DH_ENG | G42: 400DHS-75 | I42: 20 | O42: 15 | R42: 400 | T42: 75 | U42: S_SYS03 | V42: 380 | W42: 0.954 | X42: 0.9 | Y42: 80 | Z42: 1810 | AA42: EA | AC42: 일반 | AD42: GC200 | AE42: GC200 | AI42: 38600000 | AK42: 물가자료25년10월호1364Page | AL42: TRUE
A43: 400 KSE 75T, 수중 모터 펌프(탈착장치) | B43: =D43&"_"&F43&"_"&G43&"_"&I43&"C" -> M_PMP0302_VM_DH_ENG_400DHS-110_20C | C43: 수중오수모터펌프(자동탈착식) | D43: {=INDEX(기계코드!$D$4:$D$1022,MATCH(1,(C43=기계코드!$F$4:$F$1022)*1,0))} -> M_PMP0302 | E43: 동해엔지니어링 | F43: {=INDEX(공급업체코드!$B$3:$B$1000,MATCH(1,(E43=공급업체코드!$D$3:$D$1000)*1,0))} -> VM_DH_ENG | G43: 400DHS-110 | I43: 20 | O43: 20 | R43: 400 | T43: 110 | U43: S_SYS03 | V43: 380 | W43: 0.958 | X43: 0.9 | Y43: 80 | Z43: 2080 | AA43: EA | AC43: 일반 | AD43: GC200 | AE43: GC200 | AI43: 40600000 | AK43: 물가자료25년10월호1364Page | AL43: TRUE
A44: 400 KSE 75T, 수중 모터 펌프(탈착장치) | B44: =D44&"_"&F44&"_"&G44&"_"&I44&"C" -> M_PMP0302_VM_DH_ENG_400DHS-150_20C | C44: 수중오수모터펌프(자동탈착식) | D44: {=INDEX(기계코드!$D$4:$D$1022,MATCH(1,(C44=기계코드!$F$4:$F$1022)*1,0))} -> M_PMP0302 | E44: 동해엔지니어링 | F44: {=INDEX(공급업체코드!$B$3:$B$1000,MATCH(1,(E44=공급업체코드!$D$3:$D$1000)*1,0))} -> VM_DH_ENG | G44: 400DHS-150 | I44: 20 | O44: 25 | R44: 400 | T44: 150 | U44: S_SYS03 | V44: 380 | W44: 0.962 | X44: 0.9 | Y44: 80 | Z44: 2150 | AA44: EA | AC44: 일반 | AD44: GC200 | AE44: GC200 | AI44: 44600000 | AK44: 물가자료25년10월호1364Page | AL44: TRUE
A45: 500 KSE 37T, 수중 모터 펌프(탈착장치) | B45: =D45&"_"&F45&"_"&G45&"_"&I45&"C" -> M_PMP0302_VM_DH_ENG_500DHS-45_30C | C45: 수중오수모터펌프(자동탈착식) | D45: {=INDEX(기계코드!$D$4:$D$1022,MATCH(1,(C45=기계코드!$F$4:$F$1022)*1,0))} -> M_PMP0302 | E45: 동해엔지니어링 | F45: {=INDEX(공급업체코드!$B$3:$B$1000,MATCH(1,(E45=공급업체코드!$D$3:$D$1000)*1,0))} -> VM_DH_ENG | G45: 500DHS-45 | I45: 30 | O45: 5 | R45: 500 | T45: 45 | U45: S_SYS03 | V45: 380 | W45: 0.95 | X45: 0.9 | Y45: 80 | Z45: 1850 | AA45: EA | AC45: 일반 | AD45: GC200 | AE45: GC200 | AI45: 42800000 | AK45: 물가자료25년10월호1364Page | AL45: TRUE
A46: 500 KSE 55T, 수중 모터 펌프(탈착장치) | B46: =D46&"_"&F46&"_"&G46&"_"&I46&"C" -> M_PMP0302_VM_DH_ENG_500DHS-55_30C | C46: 수중오수모터펌프(자동탈착식) | D46: {=INDEX(기계코드!$D$4:$D$1022,MATCH(1,(C46=기계코드!$F$4:$F$1022)*1,0))} -> M_PMP0302 | E46: 동해엔지니어링 | F46: {=INDEX(공급업체코드!$B$3:$B$1000,MATCH(1,(E46=공급업체코드!$D$3:$D$1000)*1,0))} -> VM_DH_ENG | G46: 500DHS-55 | I46: 30 | O46: 7.5 | R46: 500 | T46: 55 | U46: S_SYS03 | V46: 380 | W46: 0.954 | X46: 0.9 | Y46: 80 | Z46: 1920 | AA46: EA | AC46: 일반 | AD46: GC200 | AE46: GC200 | AI46: 42800000 | AK46: 물가자료25년10월호1364Page | AL46: TRUE
A47: 500 KSE 75T, 수중 모터 펌프(탈착장치) | B47: =D47&"_"&F47&"_"&G47&"_"&I47&"C" -> M_PMP0302_VM_DH_ENG_500DHS-75_30C | C47: 수중오수모터펌프(자동탈착식) | D47: {=INDEX(기계코드!$D$4:$D$1022,MATCH(1,(C47=기계코드!$F$4:$F$1022)*1,0))} -> M_PMP0302 | E47: 동해엔지니어링 | F47: {=INDEX(공급업체코드!$B$3:$B$1000,MATCH(1,(E47=공급업체코드!$D$3:$D$1000)*1,0))} -> VM_DH_ENG | G47: 500DHS-75 | I47: 30 | O47: 10 | R47: 500 | T47: 75 | U47: S_SYS03 | V47: 380 | W47: 0.954 | X47: 0.9 | Y47: 80 | Z47: 2040 | AA47: EA | AC47: 일반 | AD47: GC200 | AE47: GC200 | AI47: 56800000 | AK47: 물가자료25년10월호1364Page | AL47: TRUE
A48: 500 KSE 75T, 수중 모터 펌프(탈착장치) | B48: =D48&"_"&F48&"_"&G48&"_"&I48&"C" -> M_PMP0302_VM_DH_ENG_500DHS-110_30C | C48: 수중오수모터펌프(자동탈착식) | D48: {=INDEX(기계코드!$D$4:$D$1022,MATCH(1,(C48=기계코드!$F$4:$F$1022)*1,0))} -> M_PMP0302 | E48: 동해엔지니어링 | F48: {=INDEX(공급업체코드!$B$3:$B$1000,MATCH(1,(E48=공급업체코드!$D$3:$D$1000)*1,0))} -> VM_DH_ENG | G48: 500DHS-110 | I48: 30 | O48: 14 | R48: 500 | T48: 110 | U48: S_SYS03 | V48: 380 | W48: 0.958 | X48: 0.9 | Y48: 80 | Z48: 2450 | AA48: EA | AC48: 일반 | AD48: GC200 | AE48: GC200 | AI48: 64800000 | AK48: 물가자료25년10월호1364Page | AL48: TRUE
A49: 500 KSE 75T, 수중 모터 펌프(탈착장치) | B49: =D49&"_"&F49&"_"&G49&"_"&I49&"C" -> M_PMP0302_VM_DH_ENG_500DHS-150_30C | C49: 수중오수모터펌프(자동탈착식) | D49: {=INDEX(기계코드!$D$4:$D$1022,MATCH(1,(C49=기계코드!$F$4:$F$1022)*1,0))} -> M_PMP0302 | E49: 동해엔지니어링 | F49: {=INDEX(공급업체코드!$B$3:$B$1000,MATCH(1,(E49=공급업체코드!$D$3:$D$1000)*1,0))} -> VM_DH_ENG | G49: 500DHS-150 | I49: 30 | O49: 18 | R49: 500 | T49: 150 | U49: S_SYS03 | V49: 380 | W49: 0.962 | X49: 0.9 | Y49: 80 | Z49: 2650 | AA49: EA | AC49: 일반 | AD49: GC200 | AE49: GC200 | AI49: 66800000 | AK49: 물가자료25년10월호1364Page | AL49: TRUE
A50: 50 KSE 0.75T, 수중 모터 펌프 | B50: =D50&"_"&F50&"_"&G50&"_"&I50&"CV" -> M_PMP0303_VM_DH_ENG_50DHS-0.75_0.2CV | C50: 수중오수모터펌프(VVVF) | D50: {=INDEX(기계코드!$D$4:$D$1022,MATCH(1,(C50=기계코드!$F$4:$F$1022)*1,0))} -> M_PMP0303 | E50: 동해엔지니어링 | F50: {=INDEX(공급업체코드!$B$3:$B$1000,MATCH(1,(E50=공급업체코드!$D$3:$D$1000)*1,0))} -> VM_DH_ENG | G50: 50DHS-0.75 | I50: 0.2 | O50: 10 | R50: 50 | T50: 0.75 | U50: S_SYS02 | V50: 380 | W50: 0.835 | X50: 0.9 | Y50: 80 | Z50: 35 | AA50: EA | AB50: 23 | AC50: 일반 | AD50: GC200 | AE50: GC200 | AI50: 1803000 | AK50: 물가자료25년10월호1364Page | AL50: TRUE
A51: 80 KSE 1.5T, 수중 모터 펌프 | B51: =D51&"_"&F51&"_"&G51&"_"&I51&"CV" -> M_PMP0303_VM_DH_ENG_80DHS-1.5_0.5CV | C51: 수중오수모터펌프(VVVF) | D51: {=INDEX(기계코드!$D$4:$D$1022,MATCH(1,(C51=기계코드!$F$4:$F$1022)*1,0))} -> M_PMP0303 | E51: 동해엔지니어링 | F51: {=INDEX(공급업체코드!$B$3:$B$1000,MATCH(1,(E51=공급업체코드!$D$3:$D$1000)*1,0))} -> VM_DH_ENG | G51: 80DHS-1.5 | I51: 0.5 | O51: 8 | R51: 80 | T51: 1.5 | U51: S_SYS02 | V51: 380 | W51: 0.865 | X51: 0.9 | Y51: 80 | Z51: 45 | AA51: EA | AB51: 23 | AC51: 일반 | AD51: GC200 | AE51: GC200 | AI51: 2577000 | AK51: 물가자료25년10월호1364Page | AL51: TRUE
A52: 80 KSE 2.2T, 수중 모터 펌프 | B52: =D52&"_"&F52&"_"&G52&"_"&I52&"CV" -> M_PMP0303_VM_DH_ENG_80DHS-2.2_0.6CV | C52: 수중오수모터펌프(VVVF) | D52: {=INDEX(기계코드!$D$4:$D$1022,MATCH(1,(C52=기계코드!$F$4:$F$1022)*1,0))} -> M_PMP0303 | E52: 동해엔지니어링 | F52: {=INDEX(공급업체코드!$B$3:$B$1000,MATCH(1,(E52=공급업체코드!$D$3:$D$1000)*1,0))} -> VM_DH_ENG | G52: 80DHS-2.2 | I52: 0.6 | O52: 10 | R52: 80 | T52: 2.2 | U52: S_SYS02 | V52: 380 | W52: 0.895 | X52: 0.9 | Y52: 80 | Z52: 80 | AA52: EA | AB52: 23 | AC52: 일반 | AD52: GC200 | AE52: GC200 | AI52: 2639000 | AK52: 물가자료25년10월호1364Page | AL52: TRUE
A53: 80 KSE 3.7T, 수중 모터 펌프 | B53: =D53&"_"&F53&"_"&G53&"_"&I53&"CV" -> M_PMP0303_VM_DH_ENG_80DHS-3.7_0.6CV | C53: 수중오수모터펌프(VVVF) | D53: {=INDEX(기계코드!$D$4:$D$1022,MATCH(1,(C53=기계코드!$F$4:$F$1022)*1,0))} -> M_PMP0303 | E53: 동해엔지니어링 | F53: {=INDEX(공급업체코드!$B$3:$B$1000,MATCH(1,(E53=공급업체코드!$D$3:$D$1000)*1,0))} -> VM_DH_ENG | G53: 80DHS-3.7 | I53: 0.6 | O53: 15 | R53: 80 | T53: 3.7 | U53: S_SYS02 | V53: 380 | W53: 0.895 | X53: 0.9 | Y53: 80 | Z53: 100 | AA53: EA | AB53: 23 | AC53: 일반 | AD53: GC200 | AE53: GC200 | AI53: 3457000 | AK53: 물가자료25년10월호1364Page | AL53: TRUE
A54: 100 KSE 5.5T, 수중 모터 펌프 | B54: =D54&"_"&F54&"_"&G54&"_"&I54&"CV" -> M_PMP0303_VM_DH_ENG_100DHS-5.5_1CV | C54: 수중오수모터펌프(VVVF) | D54: {=INDEX(기계코드!$D$4:$D$1022,MATCH(1,(C54=기계코드!$F$4:$F$1022)*1,0))} -> M_PMP0303 | E54: 동해엔지니어링 | F54: {=INDEX(공급업체코드!$B$3:$B$1000,MATCH(1,(E54=공급업체코드!$D$3:$D$1000)*1,0))} -> VM_DH_ENG | G54: 100DHS-5.5 | I54: 1 | O54: 16 | R54: 100 | T54: 5.5 | U54: S_SYS02 | V54: 380 | W54: 0.917 | X54: 0.9 | Y54: 80 | Z54: 200 | AA54: EA | AB54: 23 | AC54: 일반 | AD54: GC200 | AE54: GC200 | AI54: 3871000 | AK54: 물가자료25년10월호1364Page | AL54: TRUE
A55: 100 KSE 7.5T, 수중 모터 펌프 | B55: =D55&"_"&F55&"_"&G55&"_"&I55&"CV" -> M_PMP0303_VM_DH_ENG_100DHS-7.5_1CV | C55: 수중오수모터펌프(VVVF) | D55: {=INDEX(기계코드!$D$4:$D$1022,MATCH(1,(C55=기계코드!$F$4:$F$1022)*1,0))} -> M_PMP0303 | E55: 동해엔지니어링 | F55: {=INDEX(공급업체코드!$B$3:$B$1000,MATCH(1,(E55=공급업체코드!$D$3:$D$1000)*1,0))} -> VM_DH_ENG | G55: 100DHS-7.5 | I55: 1 | O55: 18 | R55: 100 | T55: 7.5 | U55: S_SYS02 | V55: 380 | W55: 0.917 | X55: 0.9 | Y55: 80 | Z55: 220 | AA55: EA | AB55: 23 | AC55: 일반 | AD55: GC200 | AE55: GC200 | AI55: 4566000 | AK55: 물가자료25년10월호1364Page | AL55: TRUE
A56: 150 KSE 11T, 수중 모터 펌프 | B56: =D56&"_"&F56&"_"&G56&"_"&I56&"CV" -> M_PMP0303_VM_DH_ENG_150DHS-3.7_2.5CV | C56: 수중오수모터펌프(VVVF) | D56: {=INDEX(기계코드!$D$4:$D$1022,MATCH(1,(C56=기계코드!$F$4:$F$1022)*1,0))} -> M_PMP0303 | E56: 동해엔지니어링 | F56: {=INDEX(공급업체코드!$B$3:$B$1000,MATCH(1,(E56=공급업체코드!$D$3:$D$1000)*1,0))} -> VM_DH_ENG | G56: 150DHS-3.7 | I56: 2.5 | O56: 5 | R56: 150 | T56: 3.7 | U56: S_SYS02 | V56: 380 | W56: 0.895 | X56: 0.9 | Y56: 80 | Z56: 230 | AA56: EA | AB56: 23 | AC56: 일반 | AD56: GC200 | AE56: GC200 | AI56: 7587000 | AK56: 물가자료25년10월호1364Page | AL56: TRUE
A57: 150 KSE 11T, 수중 모터 펌프 | B57: =D57&"_"&F57&"_"&G57&"_"&I57&"CV" -> M_PMP0303_VM_DH_ENG_150DHS-5.5_2.5CV | C57: 수중오수모터펌프(VVVF) | D57: {=INDEX(기계코드!$D$4:$D$1022,MATCH(1,(C57=기계코드!$F$4:$F$1022)*1,0))} -> M_PMP0303 | E57: 동해엔지니어링 | F57: {=INDEX(공급업체코드!$B$3:$B$1000,MATCH(1,(E57=공급업체코드!$D$3:$D$1000)*1,0))} -> VM_DH_ENG | G57: 150DHS-5.5 | I57: 2.5 | O57: 7 | R57: 150 | T57: 5.5 | U57: S_SYS02 | V57: 380 | W57: 0.917 | X57: 0.9 | Y57: 80 | Z57: 240 | AA57: EA | AB57: 23 | AC57: 일반 | AD57: GC200 | AE57: GC200 | AI57: 7791000 | AK57: 물가자료25년10월호1364Page | AL57: TRUE
A58: 150 KSE 11T, 수중 모터 펌프 | B58: =D58&"_"&F58&"_"&G58&"_"&I58&"CV" -> M_PMP0303_VM_DH_ENG_150DHS-7.5_2.5CV | C58: 수중오수모터펌프(VVVF) | D58: {=INDEX(기계코드!$D$4:$D$1022,MATCH(1,(C58=기계코드!$F$4:$F$1022)*1,0))} -> M_PMP0303 | E58: 동해엔지니어링 | F58: {=INDEX(공급업체코드!$B$3:$B$1000,MATCH(1,(E58=공급업체코드!$D$3:$D$1000)*1,0))} -> VM_DH_ENG | G58: 150DHS-7.5 | I58: 2.5 | O58: 9 | R58: 150 | T58: 7.5 | U58: S_SYS02 | V58: 380 | W58: 0.917 | X58: 0.9 | Y58: 80 | Z58: 250 | AA58: EA | AB58: 23 | AC58: 일반 | AD58: GC200 | AE58: GC200 | AI58: 8186000 | AK58: 물가자료25년10월호1364Page | AL58: TRUE
A59: 150 KSE 11T, 수중 모터 펌프 | B59: =D59&"_"&F59&"_"&G59&"_"&I59&"CV" -> M_PMP0303_VM_DH_ENG_150DHS-11_2.5CV | C59: 수중오수모터펌프(VVVF) | D59: {=INDEX(기계코드!$D$4:$D$1022,MATCH(1,(C59=기계코드!$F$4:$F$1022)*1,0))} -> M_PMP0303 | E59: 동해엔지니어링 | F59: {=INDEX(공급업체코드!$B$3:$B$1000,MATCH(1,(E59=공급업체코드!$D$3:$D$1000)*1,0))} -> VM_DH_ENG | G59: 150DHS-11 | I59: 2.5 | O59: 15 | R59: 150 | T59: 11 | U59: S_SYS02 | V59: 380 | W59: 0.924 | X59: 0.9 | Y59: 80 | Z59: 265 | AA59: EA | AB59: 24 | AC59: 일반 | AD59: GC200 | AE59: GC200 | AI59: 8725000 | AK59: 물가자료25년10월호1364Page | AL59: TRUE
A60: 150 KSE 11T, 수중 모터 펌프 | B60: =D60&"_"&F60&"_"&G60&"_"&I60&"CV" -> M_PMP0303_VM_DH_ENG_150DHS-15_2.5CV | C60: 수중오수모터펌프(VVVF) | D60: {=INDEX(기계코드!$D$4:$D$1022,MATCH(1,(C60=기계코드!$F$4:$F$1022)*1,0))} -> M_PMP0303 | E60: 동해엔지니어링 | F60: {=INDEX(공급업체코드!$B$3:$B$1000,MATCH(1,(E60=공급업체코드!$D$3:$D$1000)*1,0))} -> VM_DH_ENG | G60: 150DHS-15 | I60: 2.5 | O60: 20 | R60: 150 | T60: 15 | U60: S_SYS02 | V60: 380 | W60: 0.93 | X60: 0.9 | Y60: 80 | Z60: 280 | AA60: EA | AB60: 24 | AC60: 일반 | AD60: GC200 | AE60: GC200 | AI60: 9116000 | AK60: 물가자료25년10월호1364Page | AL60: TRUE
A61: 150 KSE 15T, 수중 모터 펌프 | B61: =D61&"_"&F61&"_"&G61&"_"&I61&"CV" -> M_PMP0303_VM_DH_ENG_150DHS-19_2.5CV | C61: 수중오수모터펌프(VVVF) | D61: {=INDEX(기계코드!$D$4:$D$1022,MATCH(1,(C61=기계코드!$F$4:$F$1022)*1,0))} -> M_PMP0303 | E61: 동해엔지니어링 | F61: {=INDEX(공급업체코드!$B$3:$B$1000,MATCH(1,(E61=공급업체코드!$D$3:$D$1000)*1,0))} -> VM_DH_ENG | G61: 150DHS-19 | I61: 2.5 | O61: 22 | R61: 150 | T61: 19 | U61: S_SYS02 | V61: 380 | W61: 0.936 | X61: 0.9 | Y61: 80 | Z61: 360 | AA61: EA | AB61: 25 | AC61: 일반 | AD61: GC200 | AE61: GC200 | AI61: 9967000 | AK61: 물가자료25년10월호1364Page | AL61: TRUE
... A67: 200 KSE 37T, 수중 모터 펌프 | B67: =D67&"_"&F67&"_"&G67&"_"&I67&"CV" -> M_PMP0303_VM_DH_ENG_200DHS-30_4.5CV | C67: 수중오수모터펌프(VVVF) | D67: {=INDEX(기계코드!$D$4:$D$1022,MATCH(1,(C67=기계코드!$F$4:$F$1022)*1,0))} -> M_PMP0303 | E67: 동해엔지니어링 | F67: {=INDEX(공급업체코드!$B$3:$B$1000,MATCH(1,(E67=공급업체코드!$D$3:$D$1000)*1,0))} -> VM_DH_ENG | G67: 200DHS-30 | I67: 4.5 | O67: 20 | R67: 200 | T67: 30 | U67: S_SYS02 | V67: 380 | W67: 0.941 | X67: 0.9 | Y67: 80 | Z67: 540 | AA67: EA | AB67: 25 | AC67: 일반 | AD67: GC200 | AE67: GC200 | AI67: 13980000 | AK67: 물가자료25년10월호1364Page | AL67: TRUE
A68: 200 KSE 37T, 수중 모터 펌프 | B68: =D68&"_"&F68&"_"&G68&"_"&I68&"CV" -> M_PMP0303_VM_DH_ENG_200DHS-37_4.5CV | C68: 수중오수모터펌프(VVVF) | D68: {=INDEX(기계코드!$D$4:$D$1022,MATCH(1,(C68=기계코드!$F$4:$F$1022)*1,0))} -> M_PMP0303 | E68: 동해엔지니어링 | F68: {=INDEX(공급업체코드!$B$3:$B$1000,MATCH(1,(E68=공급업체코드!$D$3:$D$1000)*1,0))} -> VM_DH_ENG | G68: 200DHS-37 | I68: 4.5 | O68: 28 | R68: 200 | T68: 37 | U68: S_SYS02 | V68: 380 | W68: 0.945 | X68: 0.9 | Y68: 80 | Z68: 560 | AA68: EA | AC68: 일반 | AD68: GC200 | AE68: GC200 | AI68: 15067000 | AK68: 물가자료25년10월호1364Page | AL68: TRUE
A69: 200 KSE 37T, 수중 모터 펌프 | B69: =D69&"_"&F69&"_"&G69&"_"&I69&"CV" -> M_PMP0303_VM_DH_ENG_200DHS-55_4.5CV | C69: 수중오수모터펌프(VVVF) | D69: {=INDEX(기계코드!$D$4:$D$1022,MATCH(1,(C69=기계코드!$F$4:$F$1022)*1,0))} -> M_PMP0303 | E69: 동해엔지니어링 | F69: {=INDEX(공급업체코드!$B$3:$B$1000,MATCH(1,(E69=공급업체코드!$D$3:$D$1000)*1,0))} -> VM_DH_ENG | G69: 200DHS-55 | I69: 4.5 | O69: 40 | R69: 200 | T69: 55 | U69: S_SYS02 | V69: 380 | W69: 0.954 | X69: 0.9 | Y69: 80 | Z69: 590 | AA69: EA | AC69: 일반 | AD69: GC200 | AE69: GC200 | AI69: 18047000 | AK69: 물가자료25년10월호1364Page | AL69: TRUE
A70: 250 KSE 30T, 수중 모터 펌프 | B70: =D70&"_"&F70&"_"&G70&"_"&I70&"CV" -> M_PMP0303_VM_DH_ENG_250DHS-11_6CV | C70: 수중오수모터펌프(VVVF) | D70: {=INDEX(기계코드!$D$4:$D$1022,MATCH(1,(C70=기계코드!$F$4:$F$1022)*1,0))} -> M_PMP0303 | E70: 동해엔지니어링 | F70: {=INDEX(공급업체코드!$B$3:$B$1000,MATCH(1,(E70=공급업체코드!$D$3:$D$1000)*1,0))} -> VM_DH_ENG | G70: 250DHS-11 | I70: 6 | O70: 7 | R70: 250 | T70: 11 | U70: S_SYS02 | V70: 380 | W70: 0.924 | X70: 0.9 | Y70: 80 | Z70: 430 | AA70: EA | AB70: 24 | AC70: 일반 | AD70: GC200 | AE70: GC200 | AI70: 16705000 | AK70: 물가자료25년10월호1364Page | AL70: TRUE
A71: 250 KSE 30T, 수중 모터 펌프 | B71: =D71&"_"&F71&"_"&G71&"_"&I71&"CV" -> M_PMP0303_VM_DH_ENG_250DHS-15_6.5CV | C71: 수중오수모터펌프(VVVF) | D71: {=INDEX(기계코드!$D$4:$D$1022,MATCH(1,(C71=기계코드!$F$4:$F$1022)*1,0))} -> M_PMP0303 | E71: 동해엔지니어링 | F71: {=INDEX(공급업체코드!$B$3:$B$1000,MATCH(1,(E71=공급업체코드!$D$3:$D$1000)*1,0))} -> VM_DH_ENG | G71: 250DHS-15 | I71: 6.5 | O71: 9 | R71: 250 | T71: 15 | U71: S_SYS02 | V71: 380 | W71: 0.93 | X71: 0.9 | Y71: 80 | Z71: 450 | AA71: EA | AB71: 24 | AC71: 일반 | AD71: GC200 | AE71: GC200 | AI71: 17096000 | AK71: 물가자료25년10월호1364Page | AL71: TRUE
A72: 250 KSE 30T, 수중 모터 펌프 | B72: =D72&"_"&F72&"_"&G72&"_"&I72&"CV" -> M_PMP0303_VM_DH_ENG_250DHS-22_7CV | C72: 수중오수모터펌프(VVVF) | D72: {=INDEX(기계코드!$D$4:$D$1022,MATCH(1,(C72=기계코드!$F$4:$F$1022)*1,0))} -> M_PMP0303 | E72: 동해엔지니어링 | F72: {=INDEX(공급업체코드!$B$3:$B$1000,MATCH(1,(E72=공급업체코드!$D$3:$D$1000)*1,0))} -> VM_DH_ENG | G72: 250DHS-22 | I72: 7 | O72: 11.5 | R72: 250 | T72: 22 | U72: S_SYS02 | V72: 380 | W72: 0.936 | X72: 0.9 | Y72: 80 | Z72: 650 | AA72: EA | AB72: 25 | AC72: 일반 | AD72: GC200 | AE72: GC200 | AI72: 17947000 | AK72: 물가자료25년10월호1364Page | AL72: TRUE
A73: 250 KSE 30T, 수중 모터 펌프 | B73: =D73&"_"&F73&"_"&G73&"_"&I73&"CV" -> M_PMP0303_VM_DH_ENG_250DHS-30_6.5CV | C73: 수중오수모터펌프(VVVF) | D73: {=INDEX(기계코드!$D$4:$D$1022,MATCH(1,(C73=기계코드!$F$4:$F$1022)*1,0))} -> M_PMP0303 | E73: 동해엔지니어링 | F73: {=INDEX(공급업체코드!$B$3:$B$1000,MATCH(1,(E73=공급업체코드!$D$3:$D$1000)*1,0))} -> VM_DH_ENG | G73: 250DHS-30 | I73: 6.5 | O73: 15 | R73: 250 | T73: 30 | U73: S_SYS02 | V73: 380 | W73: 0.941 | X73: 0.9 | Y73: 80 | Z73: 675 | AA73: EA | AB73: 25 | AC73: 일반 | AD73: GC200 | AE73: GC200 | AI73: 18550000 | AK73: 물가자료25년10월호1364Page | AL73: TRUE
A74: 250 KSE 37T, 수중 모터 펌프 | B74: =D74&"_"&F74&"_"&G74&"_"&I74&"CV" -> M_PMP0303_VM_DH_ENG_250DHS-37_7CV | C74: 수중오수모터펌프(VVVF) | D74: {=INDEX(기계코드!$D$4:$D$1022,MATCH(1,(C74=기계코드!$F$4:$F$1022)*1,0))} -> M_PMP0303 | E74: 동해엔지니어링 | F74: {=INDEX(공급업체코드!$B$3:$B$1000,MATCH(1,(E74=공급업체코드!$D$3:$D$1000)*1,0))} -> VM_DH_ENG | G74: 250DHS-37 | I74: 7 | O74: 19 | R74: 250 | T74: 37 | U74: S_SYS02 | V74: 380 | W74: 0.945 | X74: 0.9 | Y74: 80 | Z74: 710 | AA74: EA | AC74: 일반 | AD74: GC200 | AE74: GC200 | AI74: 21250000 | AK74: 물가자료25년10월호1364Page | AL74: TRUE
A75: 250 KSE 45T, 수중 모터 펌프 | B75: =D75&"_"&F75&"_"&G75&"_"&I75&"CV" -> M_PMP0303_VM_DH_ENG_250DHS-45_6CV | C75: 수중오수모터펌프(VVVF) | D75: {=INDEX(기계코드!$D$4:$D$1022,MATCH(1,(C75=기계코드!$F$4:$F$1022)*1,0))} -> M_PMP0303 | E75: 동해엔지니어링 | F75: {=INDEX(공급업체코드!$B$3:$B$1000,MATCH(1,(E75=공급업체코드!$D$3:$D$1000)*1,0))} -> VM_DH_ENG | G75: 250DHS-45 | I75: 6 | O75: 26 | R75: 250 | T75: 45 | U75: S_SYS02 | V75: 380 | W75: 0.95 | X75: 0.9 | Y75: 80 | Z75: 800 | AA75: EA | AC75: 일반 | AD75: GC200 | AE75: GC200 | AI75: 25751000 | AK75: 물가자료25년10월호1364Page | AL75: TRUE
A76: 250 KSE 55T, 수중 모터 펌프 | B76: =D76&"_"&F76&"_"&G76&"_"&I76&"CV" -> M_PMP0303_VM_DH_ENG_250DHS-55_7CV | C76: 수중오수모터펌프(VVVF) | D76: {=INDEX(기계코드!$D$4:$D$1022,MATCH(1,(C76=기계코드!$F$4:$F$1022)*1,0))} -> M_PMP0303 | E76: 동해엔지니어링 | F76: {=INDEX(공급업체코드!$B$3:$B$1000,MATCH(1,(E76=공급업체코드!$D$3:$D$1000)*1,0))} -> VM_DH_ENG | G76: 250DHS-55 | I76: 7 | O76: 30 | R76: 250 | T76: 55 | U76: S_SYS02 | V76: 380 | W76: 0.954 | X76: 0.9 | Y76: 80 | Z76: 950 | AA76: EA | AC76: 일반 | AD76: GC200 | AE76: GC200 | AI76: 34817000 | AK76: 물가자료25년10월호1364Page | AL76: TRUE
A77: 250 KSE 75T, 수중 모터 펌프 | B77: =D77&"_"&F77&"_"&G77&"_"&I77&"CV" -> M_PMP0303_VM_DH_ENG_250DHS-75_7CV | C77: 수중오수모터펌프(VVVF) | D77: {=INDEX(기계코드!$D$4:$D$1022,MATCH(1,(C77=기계코드!$F$4:$F$1022)*1,0))} -> M_PMP0303 | E77: 동해엔지니어링 | F77: {=INDEX(공급업체코드!$B$3:$B$1000,MATCH(1,(E77=공급업체코드!$D$3:$D$1000)*1,0))} -> VM_DH_ENG | G77: 250DHS-75 | I77: 7 | O77: 40 | R77: 250 | T77: 75 | U77: S_SYS02 | V77: 380 | W77: 0.954 | X77: 0.9 | Y77: 80 | Z77: 1100 | AA77: EA | AC77: 일반 | AD77: GC200 | AE77: GC200 | AI77: 36443000 | AK77: 물가자료25년10월호1364Page | AL77: TRUE
A78: 300 KSE 22T, 수중 모터 펌프 | B78: =D78&"_"&F78&"_"&G78&"_"&I78&"CV" -> M_PMP0303_VM_DH_ENG_300DHS-15_9CV | C78: 수중오수모터펌프(VVVF) | D78: {=INDEX(기계코드!$D$4:$D$1022,MATCH(1,(C78=기계코드!$F$4:$F$1022)*1,0))} -> M_PMP0303 | E78: 동해엔지니어링 | F78: {=INDEX(공급업체코드!$B$3:$B$1000,MATCH(1,(E78=공급업체코드!$D$3:$D$1000)*1,0))} -> VM_DH_ENG | G78: 300DHS-15 | I78: 9 | O78: 6.5 | R78: 300 | T78: 15 | U78: S_SYS02 | V78: 380 | W78: 0.93 | X78: 0.9 | Y78: 80 | Z78: 580 | AA78: EA | AB78: 24 | AC78: 일반 | AD78: GC200 | AE78: GC200 | AI78: 18926000 | AK78: 물가자료25년10월호1364Page | AL78: TRUE
A79: 300 KSE 37T, 수중 모터 펌프 | B79: =D79&"_"&F79&"_"&G79&"_"&I79&"CV" -> M_PMP0303_VM_DH_ENG_300DHS-22_10CV | C79: 수중오수모터펌프(VVVF) | D79: {=INDEX(기계코드!$D$4:$D$1022,MATCH(1,(C79=기계코드!$F$4:$F$1022)*1,0))} -> M_PMP0303 | E79: 동해엔지니어링 | F79: {=INDEX(공급업체코드!$B$3:$B$1000,MATCH(1,(E79=공급업체코드!$D$3:$D$1000)*1,0))} -> VM_DH_ENG | G79: 300DHS-22 | I79: 10 | O79: 9 | R79: 300 | T79: 22 | U79: S_SYS02 | V79: 380 | W79: 0.936 | X79: 0.9 | Y79: 80 | Z79: 780 | AA79: EA | AB79: 25 | AC79: 일반 | AD79: GC200 | AE79: GC200 | AI79: 19777000 | AK79: 물가자료25년10월호1364Page | AL79: TRUE
A80: 300 KSE 37T, 수중 모터 펌프 | B80: =D80&"_"&F80&"_"&G80&"_"&I80&"CV" -> M_PMP0303_VM_DH_ENG_300DHS-30_10CV | C80: 수중오수모터펌프(VVVF) | D80: {=INDEX(기계코드!$D$4:$D$1022,MATCH(1,(C80=기계코드!$F$4:$F$1022)*1,0))} -> M_PMP0303 | E80: 동해엔지니어링 | F80: {=INDEX(공급업체코드!$B$3:$B$1000,MATCH(1,(E80=공급업체코드!$D$3:$D$1000)*1,0))} -> VM_DH_ENG | G80: 300DHS-30 | I80: 10 | O80: 11.5 | R80: 300 | T80: 30 | U80: S_SYS02 | V80: 380 | W80: 0.941 | X80: 0.9 | Y80: 80 | Z80: 820 | AA80: EA | AB80: 25 | AC80: 일반 | AD80: GC200 | AE80: GC200 | AI80: 25380000 | AK80: 물가자료25년10월호1364Page | AL80: TRUE
A81: 300 KSE 37T, 수중 모터 펌프 | B81: =D81&"_"&F81&"_"&G81&"_"&I81&"CV" -> M_PMP0303_VM_DH_ENG_300DHS-37_10CV | C81: 수중오수모터펌프(VVVF) | D81: {=INDEX(기계코드!$D$4:$D$1022,MATCH(1,(C81=기계코드!$F$4:$F$1022)*1,0))} -> M_PMP0303 | E81: 동해엔지니어링 | F81: {=INDEX(공급업체코드!$B$3:$B$1000,MATCH(1,(E81=공급업체코드!$D$3:$D$1000)*1,0))} -> VM_DH_ENG | G81: 300DHS-37 | I81: 10 | O81: 15 | R81: 300 | T81: 37 | U81: S_SYS02 | V81: 380 | W81: 0.945 | X81: 0.9 | Y81: 80 | Z81: 920 | AA81: EA | AC81: 일반 | AD81: GC200 | AE81: GC200 | AI81: 26467000 | AK81: 물가자료25년10월호1364Page | AL81: TRUE
A82: 300 KSE 45T, 수중 모터 펌프 | B82: =D82&"_"&F82&"_"&G82&"_"&I82&"CV" -> M_PMP0303_VM_DH_ENG_300DHS-45_10CV | C82: 수중오수모터펌프(VVVF) | D82: {=INDEX(기계코드!$D$4:$D$1022,MATCH(1,(C82=기계코드!$F$4:$F$1022)*1,0))} -> M_PMP0303 | E82: 동해엔지니어링 | F82: {=INDEX(공급업체코드!$B$3:$B$1000,MATCH(1,(E82=공급업체코드!$D$3:$D$1000)*1,0))} -> VM_DH_ENG | G82: 300DHS-45 | I82: 10 | O82: 18 | R82: 300 | T82: 45 | U82: S_SYS02 | V82: 380 | W82: 0.95 | X82: 0.9 | Y82: 80 | Z82: 960 | AA82: EA | AC82: 일반 | AD82: GC200 | AE82: GC200 | AI82: 32081000 | AK82: 물가자료25년10월호1364Page | AL82: TRUE
A83: 300 KSE 55T, 수중 모터 펌프 | B83: =D83&"_"&F83&"_"&G83&"_"&I83&"CV" -> M_PMP0303_VM_DH_ENG_300DHS-55_10CV | C83: 수중오수모터펌프(VVVF) | D83: {=INDEX(기계코드!$D$4:$D$1022,MATCH(1,(C83=기계코드!$F$4:$F$1022)*1,0))} -> M_PMP0303 | E83: 동해엔지니어링 | F83: {=INDEX(공급업체코드!$B$3:$B$1000,MATCH(1,(E83=공급업체코드!$D$3:$D$1000)*1,0))} -> VM_DH_ENG | G83: 300DHS-55 | I83: 10 | O83: 21 | R83: 300 | T83: 55 | U83: S_SYS02 | V83: 380 | W83: 0.954 | X83: 0.9 | Y83: 80 | Z83: 980 | AA83: EA | AC83: 일반 | AD83: GC200 | AE83: GC200 | AI83: 34447000 | AK83: 물가자료25년10월호1364Page | AL83: TRUE
A84: 300 KSE 75T, 수중 모터 펌프 | B84: =D84&"_"&F84&"_"&G84&"_"&I84&"CV" -> M_PMP0303_VM_DH_ENG_300DHS-75_10CV | C84: 수중오수모터펌프(VVVF) | D84: {=INDEX(기계코드!$D$4:$D$1022,MATCH(1,(C84=기계코드!$F$4:$F$1022)*1,0))} -> M_PMP0303 | E84: 동해엔지니어링 | F84: {=INDEX(공급업체코드!$B$3:$B$1000,MATCH(1,(E84=공급업체코드!$D$3:$D$1000)*1,0))} -> VM_DH_ENG | G84: 300DHS-75 | I84: 10 | O84: 30 | R84: 300 | T84: 75 | U84: S_SYS02 | V84: 380 | W84: 0.954 | X84: 0.9 | Y84: 80 | Z84: 1110 | AA84: EA | AC84: 일반 | AD84: GC200 | AE84: GC200 | AI84: 41073000 | AK84: 물가자료25년10월호1364Page | AL84: TRUE
A85: 400 KSE 37T, 수중 모터 펌프 | B85: =D85&"_"&F85&"_"&G85&"_"&I85&"CV" -> M_PMP0303_VM_DH_ENG_400DHS-22_20CV | C85: 수중오수모터펌프(VVVF) | D85: {=INDEX(기계코드!$D$4:$D$1022,MATCH(1,(C85=기계코드!$F$4:$F$1022)*1,0))} -> M_PMP0303 | E85: 동해엔지니어링 | F85: {=INDEX(공급업체코드!$B$3:$B$1000,MATCH(1,(E85=공급업체코드!$D$3:$D$1000)*1,0))} -> VM_DH_ENG | G85: 400DHS-22 | I85: 20 | O85: 4 | R85: 400 | T85: 22 | U85: S_SYS02 | V85: 380 | W85: 0.936 | X85: 0.9 | Y85: 80 | Z85: 1680 | AA85: EA | AB85: 25 | AC85: 일반 | AD85: GC200 | AE85: GC200 | AI85: 33347000 | AK85: 물가자료25년10월호1364Page | AL85: TRUE
A86: 400 KSE 37T, 수중 모터 펌프 | B86: =D86&"_"&F86&"_"&G86&"_"&I86&"CV" -> M_PMP0303_VM_DH_ENG_400DHS-37_20CV | C86: 수중오수모터펌프(VVVF) | D86: {=INDEX(기계코드!$D$4:$D$1022,MATCH(1,(C86=기계코드!$F$4:$F$1022)*1,0))} -> M_PMP0303 | E86: 동해엔지니어링 | F86: {=INDEX(공급업체코드!$B$3:$B$1000,MATCH(1,(E86=공급업체코드!$D$3:$D$1000)*1,0))} -> VM_DH_ENG | G86: 400DHS-37 | I86: 20 | O86: 7 | R86: 400 | T86: 37 | U86: S_SYS02 | V86: 380 | W86: 0.945 | X86: 0.9 | Y86: 80 | Z86: 1720 | AA86: EA | AC86: 일반 | AD86: GC200 | AE86: GC200 | AI86: 35037000 | AK86: 물가자료25년10월호1364Page | AL86: TRUE
A87: 400 KSE 45T, 수중 모터 펌프 | B87: =D87&"_"&F87&"_"&G87&"_"&I87&"CV" -> M_PMP0303_VM_DH_ENG_400DHS-45_20CV | C87: 수중오수모터펌프(VVVF) | D87: {=INDEX(기계코드!$D$4:$D$1022,MATCH(1,(C87=기계코드!$F$4:$F$1022)*1,0))} -> M_PMP0303 | E87: 동해엔지니어링 | F87: {=INDEX(공급업체코드!$B$3:$B$1000,MATCH(1,(E87=공급업체코드!$D$3:$D$1000)*1,0))} -> VM_DH_ENG | G87: 400DHS-45 | I87: 20 | O87: 9 | R87: 400 | T87: 45 | U87: S_SYS02 | V87: 380 | W87: 0.95 | X87: 0.9 | Y87: 80 | Z87: 1760 | AA87: EA | AC87: 일반 | AD87: GC200 | AE87: GC200 | AI87: 39151000 | AK87: 물가자료25년10월호1364Page | AL87: TRUE
A88: 400 KSE 55T, 수중 모터 펌프 | B88: =D88&"_"&F88&"_"&G88&"_"&I88&"CV" -> M_PMP0303_VM_DH_ENG_400DHS-55_20CV | C88: 수중오수모터펌프(VVVF) | D88: {=INDEX(기계코드!$D$4:$D$1022,MATCH(1,(C88=기계코드!$F$4:$F$1022)*1,0))} -> M_PMP0303 | E88: 동해엔지니어링 | F88: {=INDEX(공급업체코드!$B$3:$B$1000,MATCH(1,(E88=공급업체코드!$D$3:$D$1000)*1,0))} -> VM_DH_ENG | G88: 400DHS-55 | I88: 20 | O88: 11 | R88: 400 | T88: 55 | U88: S_SYS02 | V88: 380 | W88: 0.954 | X88: 0.9 | Y88: 80 | Z88: 1790 | AA88: EA | AC88: 일반 | AD88: GC200 | AE88: GC200 | AI88: 43017000 | AK88: 물가자료25년10월호1364Page | AL88: TRUE
A89: 400 KSE 75T, 수중 모터 펌프 | B89: =D89&"_"&F89&"_"&G89&"_"&I89&"CV" -> M_PMP0303_VM_DH_ENG_400DHS-75_20CV | C89: 수중오수모터펌프(VVVF) | D89: {=INDEX(기계코드!$D$4:$D$1022,MATCH(1,(C89=기계코드!$F$4:$F$1022)*1,0))} -> M_PMP0303 | E89: 동해엔지니어링 | F89: {=INDEX(공급업체코드!$B$3:$B$1000,MATCH(1,(E89=공급업체코드!$D$3:$D$1000)*1,0))} -> VM_DH_ENG | G89: 400DHS-75 | I89: 20 | O89: 15 | R89: 400 | T89: 75 | U89: S_SYS02 | V89: 380 | W89: 0.954 | X89: 0.9 | Y89: 80 | Z89: 1810 | AA89: EA | AC89: 일반 | AD89: GC200 | AE89: GC200 | AI89: 48643000 | AK89: 물가자료25년10월호1364Page | AL89: TRUE
A90: 400 KSE 75T, 수중 모터 펌프 | B90: =D90&"_"&F90&"_"&G90&"_"&I90&"CV" -> M_PMP0303_VM_DH_ENG_400DHS-110_20CV | C90: 수중오수모터펌프(VVVF) | D90: {=INDEX(기계코드!$D$4:$D$1022,MATCH(1,(C90=기계코드!$F$4:$F$1022)*1,0))} -> M_PMP0303 | E90: 동해엔지니어링 | F90: {=INDEX(공급업체코드!$B$3:$B$1000,MATCH(1,(E90=공급업체코드!$D$3:$D$1000)*1,0))} -> VM_DH_ENG | G90: 400DHS-110 | I90: 20 | O90: 20 | R90: 400 | T90: 110 | U90: S_SYS02 | V90: 380 | W90: 0.958 | X90: 0.9 | Y90: 80 | Z90: 2080 | AA90: EA | AC90: 일반 | AD90: GC200 | AE90: GC200 | AI90: 56477000 | AK90: 물가자료25년10월호1364Page | AL90: TRUE
A91: 400 KSE 75T, 수중 모터 펌프 | B91: =D91&"_"&F91&"_"&G91&"_"&I91&"CV" -> M_PMP0303_VM_DH_ENG_400DHS-150_20CV | C91: 수중오수모터펌프(VVVF) | D91: {=INDEX(기계코드!$D$4:$D$1022,MATCH(1,(C91=기계코드!$F$4:$F$1022)*1,0))} -> M_PMP0303 | E91: 동해엔지니어링 | F91: {=INDEX(공급업체코드!$B$3:$B$1000,MATCH(1,(E91=공급업체코드!$D$3:$D$1000)*1,0))} -> VM_DH_ENG | G91: 400DHS-150 | I91: 20 | O91: 25 | R91: 400 | T91: 150 | U91: S_SYS02 | V91: 380 | W91: 0.962 | X91: 0.9 | Y91: 80 | Z91: 2150 | AA91: EA | AC91: 일반 | AD91: GC200 | AE91: GC200 | AI91: 66335000 | AK91: 물가자료25년10월호1364Page | AL91: TRUE
A92: 500 KSE 37T, 수중 모터 펌프 | B92: =D92&"_"&F92&"_"&G92&"_"&I92&"CV" -> M_PMP0303_VM_DH_ENG_500DHS-45_30CV | C92: 수중오수모터펌프(VVVF) | D92: {=INDEX(기계코드!$D$4:$D$1022,MATCH(1,(C92=기계코드!$F$4:$F$1022)*1,0))} -> M_PMP0303 | E92: 동해엔지니어링 | F92: {=INDEX(공급업체코드!$B$3:$B$1000,MATCH(1,(E92=공급업체코드!$D$3:$D$1000)*1,0))} -> VM_DH_ENG | G92: 500DHS-45 | I92: 30 | O92: 5 | R92: 500 | T92: 45 | U92: S_SYS02 | V92: 380 | W92: 0.95 | X92: 0.9 | Y92: 80 | Z92: 1850 | AA92: EA | AC92: 일반 | AD92: GC200 | AE92: GC200 | AI92: 48851000 | AK92: 물가자료25년10월호1364Page | AL92: TRUE
A93: 500 KSE 55T, 수중 모터 펌프 | B93: =D93&"_"&F93&"_"&G93&"_"&I93&"CV" -> M_PMP0303_VM_DH_ENG_500DHS-55_30CV | C93: 수중오수모터펌프(VVVF) | D93: {=INDEX(기계코드!$D$4:$D$1022,MATCH(1,(C93=기계코드!$F$4:$F$1022)*1,0))} -> M_PMP0303 | E93: 동해엔지니어링 | F93: {=INDEX(공급업체코드!$B$3:$B$1000,MATCH(1,(E93=공급업체코드!$D$3:$D$1000)*1,0))} -> VM_DH_ENG | G93: 500DHS-55 | I93: 30 | O93: 7.5 | R93: 500 | T93: 55 | U93: S_SYS02 | V93: 380 | W93: 0.954 | X93: 0.9 | Y93: 80 | Z93: 1920 | AA93: EA | AC93: 일반 | AD93: GC200 | AE93: GC200 | AI93: 51217000 | AK93: 물가자료25년10월호1364Page | AL93: TRUE
A94: 500 KSE 75T, 수중 모터 펌프 | B94: =D94&"_"&F94&"_"&G94&"_"&I94&"CV" -> M_PMP0303_VM_DH_ENG_500DHS-75_30CV | C94: 수중오수모터펌프(VVVF) | D94: {=INDEX(기계코드!$D$4:$D$1022,MATCH(1,(C94=기계코드!$F$4:$F$1022)*1,0))} -> M_PMP0303 | E94: 동해엔지니어링 | F94: {=INDEX(공급업체코드!$B$3:$B$1000,MATCH(1,(E94=공급업체코드!$D$3:$D$1000)*1,0))} -> VM_DH_ENG | G94: 500DHS-75 | I94: 30 | O94: 10 | R94: 500 | T94: 75 | U94: S_SYS02 | V94: 380 | W94: 0.954 | X94: 0.9 | Y94: 80 | Z94: 2040 | AA94: EA | AC94: 일반 | AD94: GC200 | AE94: GC200 | AI94: 66843000 | AK94: 물가자료25년10월호1364Page | AL94: TRUE
A95: 500 KSE 75T, 수중 모터 펌프 | B95: =D95&"_"&F95&"_"&G95&"_"&I95&"CV" -> M_PMP0303_VM_DH_ENG_500DHS-110_30CV | C95: 수중오수모터펌프(VVVF) | D95: {=INDEX(기계코드!$D$4:$D$1022,MATCH(1,(C95=기계코드!$F$4:$F$1022)*1,0))} -> M_PMP0303 | E95: 동해엔지니어링 | F95: {=INDEX(공급업체코드!$B$3:$B$1000,MATCH(1,(E95=공급업체코드!$D$3:$D$1000)*1,0))} -> VM_DH_ENG | G95: 500DHS-110 | I95: 30 | O95: 14 | R95: 500 | T95: 110 | U95: S_SYS02 | V95: 380 | W95: 0.958 | X95: 0.9 | Y95: 80 | Z95: 2450 | AA95: EA | AC95: 일반 | AD95: GC200 | AE95: GC200 | AI95: 80677000 | AK95: 물가자료25년10월호1364Page | AL95: TRUE
A96: 500 KSE 75T, 수중 모터 펌프 | B96: =D96&"_"&F96&"_"&G96&"_"&I96&"CV" -> M_PMP0303_VM_DH_ENG_500DHS-150_30CV | C96: 수중오수모터펌프(VVVF) | D96: {=INDEX(기계코드!$D$4:$D$1022,MATCH(1,(C96=기계코드!$F$4:$F$1022)*1,0))} -> M_PMP0303 | E96: 동해엔지니어링 | F96: {=INDEX(공급업체코드!$B$3:$B$1000,MATCH(1,(E96=공급업체코드!$D$3:$D$1000)*1,0))} -> VM_DH_ENG | G96: 500DHS-150 | I96: 30 | O96: 18 | R96: 500 | T96: 150 | U96: S_SYS02 | V96: 380 | W96: 0.962 | X96: 0.9 | Y96: 80 | Z96: 2650 | AA96: EA | AC96: 일반 | AD96: GC200 | AE96: GC200 | AI96: 88535000 | AK96: 물가자료25년10월호1364Page | AL96: TRUE
A97: 50 KSE 0.75T, 수중 모터 펌프 | B97: =D97&"_"&F97&"_"&G97&"_"&I97 -> M_PMP0301_VM_DH_ENG_50DHS-0.75_0.2 | C97: 수중오수모터펌프 | D97: {=INDEX(기계코드!$D$4:$D$1022,MATCH(1,(C97=기계코드!$F$4:$F$1022)*1,0))} -> M_PMP0301 | E97: 동해엔지니어링 | F97: {=INDEX(공급업체코드!$B$3:$B$1000,MATCH(1,(E97=공급업체코드!$D$3:$D$1000)*1,0))} -> VM_DH_ENG | G97: 50DHS-0.75 | I97: 0.2 | O97: 10 | R97: 50 | T97: 0.75 | U97: S_SYS01 | V97: 380 | W97: 0.835 | X97: 0.9 | Y97: 80 | Z97: 35 | AA97: EA | AB97: 23 | AC97: 일반 | AD97: GC200 | AE97: GC200 | AI97: 950000 | AK97: 물가자료25년10월호1364Page | AL97: TRUE
A98: 80 KSE 1.5T, 수중 모터 펌프 | B98: =D98&"_"&F98&"_"&G98&"_"&I98 -> M_PMP0301_VM_DH_ENG_80DHS-1.5_0.5 | C98: 수중오수모터펌프 | D98: {=INDEX(기계코드!$D$4:$D$1022,MATCH(1,(C98=기계코드!$F$4:$F$1022)*1,0))} -> M_PMP0301 | E98: 동해엔지니어링 | F98: {=INDEX(공급업체코드!$B$3:$B$1000,MATCH(1,(E98=공급업체코드!$D$3:$D$1000)*1,0))} -> VM_DH_ENG | G98: 80DHS-1.5 | I98: 0.5 | O98: 8 | R98: 80 | T98: 1.5 | U98: S_SYS01 | V98: 380 | W98: 0.865 | X98: 0.9 | Y98: 80 | Z98: 45 | AA98: EA | AB98: 23 | AC98: 일반 | AD98: GC200 | AE98: GC200 | AI98: 1500000 | AK98: 물가자료25년10월호1364Page | AL98: TRUE
A99: 80 KSE 2.2T, 수중 모터 펌프 | B99: =D99&"_"&F99&"_"&G99&"_"&I99 -> M_PMP0301_VM_DH_ENG_80DHS-2.2_0.6 | C99: 수중오수모터펌프 | D99: {=INDEX(기계코드!$D$4:$D$1022,MATCH(1,(C99=기계코드!$F$4:$F$1022)*1,0))} -> M_PMP0301 | E99: 동해엔지니어링 | F99: {=INDEX(공급업체코드!$B$3:$B$1000,MATCH(1,(E99=공급업체코드!$D$3:$D$1000)*1,0))} -> VM_DH_ENG | G99: 80DHS-2.2 | I99: 0.6 | O99: 10 | R99: 80 | T99: 2.2 | U99: S_SYS01 | V99: 380 | W99: 0.895 | X99: 0.9 | Y99: 80 | Z99: 80 | AA99: EA | AB99: 23 | AC99: 일반 | AD99: GC200 | AE99: GC200 | AI99: 1500000 | AK99: 물가자료25년10월호1364Page | AL99: TRUE
A100: 80 KSE 3.7T, 수중 모터 펌프 | B100: =D100&"_"&F100&"_"&G100&"_"&I100 -> M_PMP0301_VM_DH_ENG_80DHS-3.7_0.6 | C100: 수중오수모터펌프 | D100: {=INDEX(기계코드!$D$4:$D$1022,MATCH(1,(C100=기계코드!$F$4:$F$1022)*1,0))} -> M_PMP0301 | E100: 동해엔지니어링 | F100: {=INDEX(공급업체코드!$B$3:$B$1000,MATCH(1,(E100=공급업체코드!$D$3:$D$1000)*1,0))} -> VM_DH_ENG | G100: 80DHS-3.7 | I100: 0.6 | O100: 15 | R100: 80 | T100: 3.7 | U100: S_SYS01 | V100: 380 | W100: 0.895 | X100: 0.9 | Y100: 80 | Z100: 100 | AA100: EA | AB100: 23 | AC100: 일반 | AD100: GC200 | AE100: GC200 | AI100: 2000000 | AK100: 물가자료25년10월호1364Page | AL100: TRUE
A101: 100 KSE 5.5T, 수중 모터 펌프 | B101: =D101&"_"&F101&"_"&G101&"_"&I101 -> M_PMP0301_VM_DH_ENG_100DHS-5.5_1 | C101: 수중오수모터펌프 | D101: {=INDEX(기계코드!$D$4:$D$1022,MATCH(1,(C101=기계코드!$F$4:$F$1022)*1,0))} -> M_PMP0301 | E101: 동해엔지니어링 | F101: {=INDEX(공급업체코드!$B$3:$B$1000,MATCH(1,(E101=공급업체코드!$D$3:$D$1000)*1,0))} -> VM_DH_ENG | G101: 100DHS-5.5 | I101: 1 | O101: 16 | R101: 100 | T101: 5.5 | U101: S_SYS01 | V101: 380 | W101: 0.917 | X101: 0.9 | Y101: 80 | Z101: 200 | AA101: EA | AB101: 23 | AC101: 일반 | AD101: GC200 | AE101: GC200 | AI101: 2200000 | AK101: 물가자료25년10월호1364Page | AL101: TRUE
A102: 100 KSE 7.5T, 수중 모터 펌프 | B102: =D102&"_"&F102&"_"&G102&"_"&I102 -> M_PMP0301_VM_DH_ENG_100DHS-7.5_1 | C102: 수중오수모터펌프 | D102: {=INDEX(기계코드!$D$4:$D$1022,MATCH(1,(C102=기계코드!$F$4:$F$1022)*1,0))} -> M_PMP0301 | E102: 동해엔지니어링 | F102: {=INDEX(공급업체코드!$B$3:$B$1000,MATCH(1,(E102=공급업체코드!$D$3:$D$1000)*1,0))} -> VM_DH_ENG | G102: 100DHS-7.5 | I102: 1 | O102: 18 | R102: 100 | T102: 7.5 | U102: S_SYS01 | V102: 380 | W102: 0.917 | X102: 0.9 | Y102: 80 | Z102: 220 | AA102: EA | AB102: 23 | AC102: 일반 | AD102: GC200 | AE102: GC200 | AI102: 2500000 | AK102: 물가자료25년10월호1364Page | AL102: TRUE
A103: 150 KSE 11T, 수중 모터 펌프 | B103: =D103&"_"&F103&"_"&G103&"_"&I103 -> M_PMP0301_VM_DH_ENG_150DHS-3.7_2.5 | C103: 수중오수모터펌프 | D103: {=INDEX(기계코드!$D$4:$D$1022,MATCH(1,(C103=기계코드!$F$4:$F$1022)*1,0))} -> M_PMP0301 | E103: 동해엔지니어링 | F103: {=INDEX(공급업체코드!$B$3:$B$1000,MATCH(1,(E103=공급업체코드!$D$3:$D$1000)*1,0))} -> VM_DH_ENG | G103: 150DHS-3.7 | I103: 2.5 | O103: 5 | R103: 150 | T103: 3.7 | U103: S_SYS01 | V103: 380 | W103: 0.895 | X103: 0.9 | Y103: 80 | Z103: 230 | AA103: EA | AB103: 23 | AC103: 일반 | AD103: GC200 | AE103: GC200 | AI103: 6050000 | AK103: 물가자료25년10월호1364Page | AL103: TRUE
A104: 150 KSE 11T, 수중 모터 펌프 | B104: =D104&"_"&F104&"_"&G104&"_"&I104 -> M_PMP0301_VM_DH_ENG_150DHS-5.5_2.5 | C104: 수중오수모터펌프 | D104: {=INDEX(기계코드!$D$4:$D$1022,MATCH(1,(C104=기계코드!$F$4:$F$1022)*1,0))} -> M_PMP0301 | E104: 동해엔지니어링 | F104: {=INDEX(공급업체코드!$B$3:$B$1000,MATCH(1,(E104=공급업체코드!$D$3:$D$1000)*1,0))} -> VM_DH_ENG | G104: 150DHS-5.5 | I104: 2.5 | O104: 7 | R104: 150 | T104: 5.5 | U104: S_SYS01 | V104: 380 | W104: 0.917 | X104: 0.9 | Y104: 80 | Z104: 240 | AA104: EA | AB104: 23 | AC104: 일반 | AD104: GC200 | AE104: GC200 | AI104: 6050000 | AK104: 물가자료25년10월호1364Page | AL104: TRUE
A105: 150 KSE 11T, 수중 모터 펌프 | B105: =D105&"_"&F105&"_"&G105&"_"&I105 -> M_PMP0301_VM_DH_ENG_150DHS-7.5_2.5 | C105: 수중오수모터펌프 | D105: {=INDEX(기계코드!$D$4:$D$1022,MATCH(1,(C105=기계코드!$F$4:$F$1022)*1,0))} -> M_PMP0301 | E105: 동해엔지니어링 | F105: {=INDEX(공급업체코드!$B$3:$B$1000,MATCH(1,(E105=공급업체코드!$D$3:$D$1000)*1,0))} -> VM_DH_ENG | G105: 150DHS-7.5 | I105: 2.5 | O105: 9 | R105: 150 | T105: 7.5 | U105: S_SYS01 | V105: 380 | W105: 0.917 | X105: 0.9 | Y105: 80 | Z105: 250 | AA105: EA | AB105: 23 | AC105: 일반 | AD105: GC200 | AE105: GC200 | AI105: 6050000 | AK105: 물가자료25년10월호1364Page | AL105: TRUE
...

Sheet 전동식밸브
B1: 장비코드 | D1: 장비유형 | F1: 공급업체명 | G1: 모델명 | H1: 관경(mm) | I1: 압력(㎏/㎠) | J1: 동력(kW) | K1: 기동방식 | L1: 정격전압(V) | M1: 효율(%) | N1: 역률(%) | O1: 수용율(%) | P1: 총중량(kg) | Q1: 단위 | R1: 호표(1) | S1: 분류 | U1: 씰링방식 | V1: 본체재질 | W1: 단가(원) | X1: 견적가(원) | Y1: 단가출처 | Z1: 사용여부 | AA1: 장비설명 | AB1: 단위시스템코드
B2: equipment_code | C2: 작업용 필드 | D2: equipment_type | E2: 작업용 필드 | F2: vendor_id | G2: model_number | H2: i_diameter_mm | I2: i_pressure_kgf_cm2 | J2: s_power_kW | K2: s_ctrl_method | L2: s_rated_volt_V | M2: s_efficiency_percent | N2: s_pwr_factor_percent | O2: s_demand_factor_percent | P2: s_total_wgt_kg | Q2: s_unit_NONE | R2: s_primary_item_no_NONE | S2: s_remark_NONE | T2: 작업용 필드 | U2: i_sealing_type_NONE | V2: i_body_material_NONE | W2: o_unit_price_KRW | X2: o_invoice_price_KRW | Y2: o_price_reference | Z2: is_active | AA2: description | AB2: unit_system_code
A3: 전동식 버터플라이밸브, 200A | B3: =D3&"_"&F3&"_"&H3&"_"&I3 -> M_VAV0201_VM_KJ_IND_200_10 | C3: 전동식(1상식) 버터플라이 밸브 | D3: {=INDEX(기계코드!$D$4:$D$1022,MATCH(1,(C3=기계코드!$F$4:$F$1022)*1,0))} -> M_VAV0201 | E3: 경진산업 | F3: {=INDEX(공급업체코드!$B$3:$B$1000,MATCH(1,(E3=공급업체코드!$D$3:$D$1000)*1,0))} -> VM_KJ_IND | H3: 200 | I3: 10 | J3: 0.4 | K3: S_SYS04 | L3: 380 | M3: 0.65 | N3: 0.9 | O3: 10 | P3: 0.123 | Q3: EA | R3: 31 | S3: 일반 | T3: 고무 시트(EPDM) | U3: {=INDEX(기자재코드!$D$4:$D$25,MATCH(1,(T3=기자재코드!$F$4:$F$25)*1,0))} -> S_VAV01 | V3: GCD450 | W3: 10964400 | Y3: 물가자료25년10월호846Page | Z3: TRUE
A4: 전동식 버터플라이밸브, 250A | B4: =D4&"_"&F4&"_"&H4&"_"&I4 -> M_VAV0201_VM_KJ_IND_250_10 | C4: 전동식(1상식) 버터플라이 밸브 | D4: {=INDEX(기계코드!$D$4:$D$1022,MATCH(1,(C4=기계코드!$F$4:$F$1022)*1,0))} -> M_VAV0201 | E4: 경진산업 | F4: {=INDEX(공급업체코드!$B$3:$B$1000,MATCH(1,(E4=공급업체코드!$D$3:$D$1000)*1,0))} -> VM_KJ_IND | H4: 250 | I4: 10 | J4: 0.4 | K4: S_SYS04 | L4: 380 | M4: 0.65 | N4: 0.9 | O4: 10 | P4: 0.123 | Q4: EA | R4: 32 | S4: 일반 | T4: 고무 시트(EPDM) | U4: {=INDEX(기자재코드!$D$4:$D$25,MATCH(1,(T4=기자재코드!$F$4:$F$25)*1,0))} -> S_VAV01 | V4: GCD450 | W4: 11461200 | Y4: 물가자료25년10월호846Page | Z4: TRUE
A5: 전동식 버터플라이밸브, 300A | B5: =D5&"_"&F5&"_"&H5&"_"&I5 -> M_VAV0201_VM_KJ_IND_300_10 | C5: 전동식(1상식) 버터플라이 밸브 | D5: {=INDEX(기계코드!$D$4:$D$1022,MATCH(1,(C5=기계코드!$F$4:$F$1022)*1,0))} -> M_VAV0201 | E5: 경진산업 | F5: {=INDEX(공급업체코드!$B$3:$B$1000,MATCH(1,(E5=공급업체코드!$D$3:$D$1000)*1,0))} -> VM_KJ_IND | H5: 300 | I5: 10 | J5: 0.4 | K5: S_SYS04 | L5: 380 | M5: 0.65 | N5: 0.9 | O5: 10 | P5: 0.123 | Q5: EA | R5: 33 | S5: 일반 | T5: 고무 시트(EPDM) | U5: {=INDEX(기자재코드!$D$4:$D$25,MATCH(1,(T5=기자재코드!$F$4:$F$25)*1,0))} -> S_VAV01 | V5: GCD450 | W5: 12177600 | Y5: 물가자료25년10월호846Page | Z5: TRUE
A6: 전동식 버터플라이밸브, 350A | B6: =D6&"_"&F6&"_"&H6&"_"&I6 -> M_VAV0201_VM_KJ_IND_350_10 | C6: 전동식(1상식) 버터플라이 밸브 | D6: {=INDEX(기계코드!$D$4:$D$1022,MATCH(1,(C6=기계코드!$F$4:$F$1022)*1,0))} -> M_VAV0201 | E6: 경진산업 | F6: {=INDEX(공급업체코드!$B$3:$B$1000,MATCH(1,(E6=공급업체코드!$D$3:$D$1000)*1,0))} -> VM_KJ_IND | H6: 350 | I6: 10 | J6: 0.75 | K6: S_SYS04 | L6: 380 | M6: 0.835 | N6: 0.9 | O6: 10 | P6: 0.123 | Q6: EA | R6: 34 | S6: 일반 | T6: 고무 시트(EPDM) | U6: {=INDEX(기자재코드!$D$4:$D$25,MATCH(1,(T6=기자재코드!$F$4:$F$25)*1,0))} -> S_VAV01 | V6: GCD450 | W6: 13221600 | Y6: 물가자료25년10월호846Page | Z6: TRUE
A7: 전동식 버터플라이밸브, 400A | B7: =D7&"_"&F7&"_"&H7&"_"&I7 -> M_VAV0201_VM_KJ_IND_400_10 | C7: 전동식(1상식) 버터플라이 밸브 | D7: {=INDEX(기계코드!$D$4:$D$1022,MATCH(1,(C7=기계코드!$F$4:$F$1022)*1,0))} -> M_VAV0201 | E7: 경진산업 | F7: {=INDEX(공급업체코드!$B$3:$B$1000,MATCH(1,(E7=공급업체코드!$D$3:$D$1000)*1,0))} -> VM_KJ_IND | H7: 400 | I7: 10 | J7: 0.75 | K7: S_SYS04 | L7: 380 | M7: 0.835 | N7: 0.9 | O7: 10 | P7: 0.123 | Q7: EA | R7: 35 | S7: 일반 | T7: 고무 시트(EPDM) | U7: {=INDEX(기자재코드!$D$4:$D$25,MATCH(1,(T7=기자재코드!$F$4:$F$25)*1,0))} -> S_VAV01 | V7: GCD450 | W7: 13935600 | Y7: 물가자료25년10월호846Page | Z7: TRUE
A8: 전동식 버터플라이밸브, 450A | B8: =D8&"_"&F8&"_"&H8&"_"&I8 -> M_VAV0201_VM_KJ_IND_450_10 | C8: 전동식(1상식) 버터플라이 밸브 | D8: {=INDEX(기계코드!$D$4:$D$1022,MATCH(1,(C8=기계코드!$F$4:$F$1022)*1,0))} -> M_VAV0201 | E8: 경진산업 | F8: {=INDEX(공급업체코드!$B$3:$B$1000,MATCH(1,(E8=공급업체코드!$D$3:$D$1000)*1,0))} -> VM_KJ_IND | H8: 450 | I8: 10 | J8: 0.75 | K8: S_SYS04 | L8: 380 | M8: 0.835 | N8: 0.9 | O8: 10 | P8: 0.123 | Q8: EA | R8: 36 | S8: 일반 | T8: 고무 시트(EPDM) | U8: {=INDEX(기자재코드!$D$4:$D$25,MATCH(1,(T8=기자재코드!$F$4:$F$25)*1,0))} -> S_VAV01 | V8: GCD450 | W8: 15289200 | Y8: 물가자료25년10월호846Page | Z8: TRUE
A9: 전동식 버터플라이밸브, 500A | B9: =D9&"_"&F9&"_"&H9&"_"&I9 -> M_VAV0201_VM_KJ_IND_500_10 | C9: 전동식(1상식) 버터플라이 밸브 | D9: {=INDEX(기계코드!$D$4:$D$1022,MATCH(1,(C9=기계코드!$F$4:$F$1022)*1,0))} -> M_VAV0201 | E9: 경진산업 | F9: {=INDEX(공급업체코드!$B$3:$B$1000,MATCH(1,(E9=공급업체코드!$D$3:$D$1000)*1,0))} -> VM_KJ_IND | H9: 500 | I9: 10 | J9: 0.75 | K9: S_SYS04 | L9: 380 | M9: 0.835 | N9: 0.9 | O9: 10 | P9: 0.123 | Q9: EA | R9: 37 | S9: 일반 | T9: 고무 시트(EPDM) | U9: {=INDEX(기자재코드!$D$4:$D$25,MATCH(1,(T9=기자재코드!$F$4:$F$25)*1,0))} -> S_VAV01 | V9: GCD450 | W9: 15826800 | Y9: 물가자료25년10월호846Page | Z9: TRUE
A10: 전동식 버터플라이밸브, 600A | B10: =D10&"_"&F10&"_"&H10&"_"&I10 -> M_VAV0201_VM_KJ_IND_600_10 | C10: 전동식(1상식) 버터플라이 밸브 | D10: {=INDEX(기계코드!$D$4:$D$1022,MATCH(1,(C10=기계코드!$F$4:$F$1022)*1,0))} -> M_VAV0201 | E10: 경진산업 | F10: {=INDEX(공급업체코드!$B$3:$B$1000,MATCH(1,(E10=공급업체코드!$D$3:$D$1000)*1,0))} -> VM_KJ_IND | H10: 600 | I10: 10 | J10: 0.75 | K10: S_SYS04 | L10: 380 | M10: 0.835 | N10: 0.9 | O10: 10 | P10: 0.123 | Q10: EA | R10: 38 | S10: 일반 | T10: 고무 시트(EPDM) | U10: {=INDEX(기자재코드!$D$4:$D$25,MATCH(1,(T10=기자재코드!$F$4:$F$25)*1,0))} -> S_VAV01 | V10: GCD450 | W10: 18961200 | Y10: 물가자료25년10월호846Page | Z10: TRUE
A11: 전동식 버터플라이밸브, 700A | B11: =D11&"_"&F11&"_"&H11&"_"&I11 -> M_VAV0201_VM_KJ_IND_700_10 | C11: 전동식(1상식) 버터플라이 밸브 | D11: {=INDEX(기계코드!$D$4:$D$1022,MATCH(1,(C11=기계코드!$F$4:$F$1022)*1,0))} -> M_VAV0201 | E11: 경진산업 | F11: {=INDEX(공급업체코드!$B$3:$B$1000,MATCH(1,(E11=공급업체코드!$D$3:$D$1000)*1,0))} -> VM_KJ_IND | H11: 700 | I11: 10 | J11: 0.75 | K11: S_SYS04 | L11: 380 | M11: 0.835 | N11: 0.9 | O11: 10 | P11: 0.123 | Q11: EA | S11: 일반 | T11: 고무 시트(EPDM) | U11: {=INDEX(기자재코드!$D$4:$D$25,MATCH(1,(T11=기자재코드!$F$4:$F$25)*1,0))} -> S_VAV01 | V11: GCD450 | W11: 20613600 | Y11: 물가자료25년10월호846Page | Z11: TRUE
A12: 전동식 버터플라이밸브, 800A | B12: =D12&"_"&F12&"_"&H12&"_"&I12 -> M_VAV0201_VM_KJ_IND_800_10 | C12: 전동식(1상식) 버터플라이 밸브 | D12: {=INDEX(기계코드!$D$4:$D$1022,MATCH(1,(C12=기계코드!$F$4:$F$1022)*1,0))} -> M_VAV0201 | E12: 경진산업 | F12: {=INDEX(공급업체코드!$B$3:$B$1000,MATCH(1,(E12=공급업체코드!$D$3:$D$1000)*1,0))} -> VM_KJ_IND | H12: 800 | I12: 10 | J12: 1.5 | K12: S_SYS04 | L12: 380 | M12: 0.865 | N12: 0.9 | O12: 10 | P12: 0.123 | Q12: EA | S12: 일반 | T12: 고무 시트(EPDM) | U12: {=INDEX(기자재코드!$D$4:$D$25,MATCH(1,(T12=기자재코드!$F$4:$F$25)*1,0))} -> S_VAV01 | V12: GCD450 | W12: 24621600 | Y12: 물가자료25년10월호846Page | Z12: TRUE
A13: 전동식 버터플라이밸브, 900A | B13: =D13&"_"&F13&"_"&H13&"_"&I13 -> M_VAV0201_VM_KJ_IND_900_10 | C13: 전동식(1상식) 버터플라이 밸브 | D13: {=INDEX(기계코드!$D$4:$D$1022,MATCH(1,(C13=기계코드!$F$4:$F$1022)*1,0))} -> M_VAV0201 | E13: 경진산업 | F13: {=INDEX(공급업체코드!$B$3:$B$1000,MATCH(1,(E13=공급업체코드!$D$3:$D$1000)*1,0))} -> VM_KJ_IND | H13: 900 | I13: 10 | J13: 1.5 | K13: S_SYS04 | L13: 380 | M13: 0.865 | N13: 0.9 | O13: 10 | P13: 0.123 | Q13: EA | S13: 일반 | T13: 고무 시트(EPDM) | U13: {=INDEX(기자재코드!$D$4:$D$25,MATCH(1,(T13=기자재코드!$F$4:$F$25)*1,0))} -> S_VAV01 | V13: GCD450 | W13: 30142800 | Y13: 물가자료25년10월호846Page | Z13: TRUE
A14: 전동식 버터플라이밸브, 1000A | B14: =D14&"_"&F14&"_"&H14&"_"&I14 -> M_VAV0201_VM_KJ_IND_1000_10 | C14: 전동식(1상식) 버터플라이 밸브 | D14: {=INDEX(기계코드!$D$4:$D$1022,MATCH(1,(C14=기계코드!$F$4:$F$1022)*1,0))} -> M_VAV0201 | E14: 경진산업 | F14: {=INDEX(공급업체코드!$B$3:$B$1000,MATCH(1,(E14=공급업체코드!$D$3:$D$1000)*1,0))} -> VM_KJ_IND | H14: 1000 | I14: 10 | J14: 2.2 | K14: S_SYS04 | L14: 380 | M14: 0.895 | N14: 0.9 | O14: 10 | P14: 0.123 | Q14: EA | S14: 일반 | T14: 고무 시트(EPDM) | U14: {=INDEX(기자재코드!$D$4:$D$25,MATCH(1,(T14=기자재코드!$F$4:$F$25)*1,0))} -> S_VAV01 | V14: GCD450 | W14: 36392400 | Y14: 물가자료25년10월호846Page | Z14: TRUE
A15: 전동식 버터플라이밸브, 1100A | B15: =D15&"_"&F15&"_"&H15&"_"&I15 -> M_VAV0201_VM_KJ_IND_1100_10 | C15: 전동식(1상식) 버터플라이 밸브 | D15: {=INDEX(기계코드!$D$4:$D$1022,MATCH(1,(C15=기계코드!$F$4:$F$1022)*1,0))} -> M_VAV0201 | E15: 경진산업 | F15: {=INDEX(공급업체코드!$B$3:$B$1000,MATCH(1,(E15=공급업체코드!$D$3:$D$1000)*1,0))} -> VM_KJ_IND | H15: 1100 | I15: 10 | J15: 2.2 | K15: S_SYS04 | L15: 380 | M15: 0.895 | N15: 0.9 | O15: 10 | P15: 0.123 | Q15: EA | S15: 일반 | T15: 고무 시트(EPDM) | U15: {=INDEX(기자재코드!$D$4:$D$25,MATCH(1,(T15=기자재코드!$F$4:$F$25)*1,0))} -> S_VAV01 | V15: GCD450 | W15: 43422000 | Y15: 물가자료25년10월호846Page | Z15: TRUE
A16: 전동식 버터플라이밸브, 1200A | B16: =D16&"_"&F16&"_"&H16&"_"&I16 -> M_VAV0201_VM_KJ_IND_1200_10 | C16: 전동식(1상식) 버터플라이 밸브 | D16: {=INDEX(기계코드!$D$4:$D$1022,MATCH(1,(C16=기계코드!$F$4:$F$1022)*1,0))} -> M_VAV0201 | E16: 경진산업 | F16: {=INDEX(공급업체코드!$B$3:$B$1000,MATCH(1,(E16=공급업체코드!$D$3:$D$1000)*1,0))} -> VM_KJ_IND | H16: 1200 | I16: 10 | J16: 3.7 | K16: S_SYS04 | L16: 380 | M16: 0.895 | N16: 0.9 | O16: 10 | P16: 0.123 | Q16: EA | S16: 일반 | T16: 고무 시트(EPDM) | U16: {=INDEX(기자재코드!$D$4:$D$25,MATCH(1,(T16=기자재코드!$F$4:$F$25)*1,0))} -> S_VAV01 | V16: GCD450 | W16: 51265200 | Y16: 물가자료25년10월호846Page | Z16: TRUE
A17: 전동식 버터플라이밸브, 1350A | B17: =D17&"_"&F17&"_"&H17&"_"&I17 -> M_VAV0201_VM_KJ_IND_1350_10 | C17: 전동식(1상식) 버터플라이 밸브 | D17: {=INDEX(기계코드!$D$4:$D$1022,MATCH(1,(C17=기계코드!$F$4:$F$1022)*1,0))} -> M_VAV0201 | E17: 경진산업 | F17: {=INDEX(공급업체코드!$B$3:$B$1000,MATCH(1,(E17=공급업체코드!$D$3:$D$1000)*1,0))} -> VM_KJ_IND | H17: 1350 | I17: 10 | J17: 3.7 | K17: S_SYS04 | L17: 380 | M17: 0.895 | N17: 0.9 | O17: 10 | P17: 0.123 | Q17: EA | S17: 일반 | T17: 고무 시트(EPDM) | U17: {=INDEX(기자재코드!$D$4:$D$25,MATCH(1,(T17=기자재코드!$F$4:$F$25)*1,0))} -> S_VAV01 | V17: GCD450 | W17: 60199200 | Y17: 물가자료25년10월호846Page | Z17: TRUE
A18: 전동식 버터플라이밸브, 1500A | B18: =D18&"_"&F18&"_"&H18&"_"&I18 -> M_VAV0201_VM_KJ_IND_1500_10 | C18: 전동식(1상식) 버터플라이 밸브 | D18: {=INDEX(기계코드!$D$4:$D$1022,MATCH(1,(C18=기계코드!$F$4:$F$1022)*1,0))} -> M_VAV0201 | E18: 경진산업 | F18: {=INDEX(공급업체코드!$B$3:$B$1000,MATCH(1,(E18=공급업체코드!$D$3:$D$1000)*1,0))} -> VM_KJ_IND | H18: 1500 | I18: 10 | J18: 3.7 | K18: S_SYS04 | L18: 380 | M18: 0.895 | N18: 0.9 | O18: 10 | P18: 0.123 | Q18: EA | S18: 일반 | T18: 고무 시트(EPDM) | U18: {=INDEX(기자재코드!$D$4:$D$25,MATCH(1,(T18=기자재코드!$F$4:$F$25)*1,0))} -> S_VAV01 | V18: GCD450 | W18: 70904400 | Y18: 물가자료25년10월호846Page | Z18: TRUE
B19: =D19&"_"&F19&"_"&H19&"_"&I19 -> M_VAV0201_VM_KJ_IND_1600_10 | C19: 전동식(1상식) 버터플라이 밸브 | D19: {=INDEX(기계코드!$D$4:$D$1022,MATCH(1,(C19=기계코드!$F$4:$F$1022)*1,0))} -> M_VAV0201 | E19: 경진산업 | F19: {=INDEX(공급업체코드!$B$3:$B$1000,MATCH(1,(E19=공급업체코드!$D$3:$D$1000)*1,0))} -> VM_KJ_IND | H19: 1600 | I19: 10 | J19: 5.5 | K19: S_SYS04 | L19: 380 | M19: 0.917 | N19: 0.9 | O19: 10 | P19: 0.123 | Q19: EA | S19: 일반 | T19: 고무 시트(EPDM) | U19: {=INDEX(기자재코드!$D$4:$D$25,MATCH(1,(T19=기자재코드!$F$4:$F$25)*1,0))} -> S_VAV01 | V19: GCD450 | W19: 76377600 | Y19: 물가자료25년10월호846Page | Z19: TRUE
B20: =D20&"_"&F20&"_"&H20&"_"&I20 -> M_VAV0201_VM_KJ_IND_1650_10 | C20: 전동식(1상식) 버터플라이 밸브 | D20: {=INDEX(기계코드!$D$4:$D$1022,MATCH(1,(C20=기계코드!$F$4:$F$1022)*1,0))} -> M_VAV0201 | E20: 경진산업 | F20: {=INDEX(공급업체코드!$B$3:$B$1000,MATCH(1,(E20=공급업체코드!$D$3:$D$1000)*1,0))} -> VM_KJ_IND | H20: 1650 | I20: 10 | J20: 5.5 | K20: S_SYS04 | L20: 380 | M20: 0.917 | N20: 0.9 | O20: 10 | P20: 0.123 | Q20: EA | S20: 일반 | T20: 고무 시트(EPDM) | U20: {=INDEX(기자재코드!$D$4:$D$25,MATCH(1,(T20=기자재코드!$F$4:$F$25)*1,0))} -> S_VAV01 | V20: GCD450 | W20: 77550000 | Y20: 물가자료25년10월호846Page | Z20: TRUE
B21: =D21&"_"&F21&"_"&H21&"_"&I21 -> M_VAV0201_VM_KJ_IND_1800_10 | C21: 전동식(1상식) 버터플라이 밸브 | D21: {=INDEX(기계코드!$D$4:$D$1022,MATCH(1,(C21=기계코드!$F$4:$F$1022)*1,0))} -> M_VAV0201 | E21: 경진산업 | F21: {=INDEX(공급업체코드!$B$3:$B$1000,MATCH(1,(E21=공급업체코드!$D$3:$D$1000)*1,0))} -> VM_KJ_IND | H21: 1800 | I21: 10 | J21: 5.5 | K21: S_SYS04 | L21: 380 | M21: 0.917 | N21: 0.9 | O21: 10 | P21: 0.123 | Q21: EA | S21: 일반 | T21: 고무 시트(EPDM) | U21: {=INDEX(기자재코드!$D$4:$D$25,MATCH(1,(T21=기자재코드!$F$4:$F$25)*1,0))} -> S_VAV01 | V21: GCD450 | W21: 94009200 | Y21: 물가자료25년10월호846Page | Z21: TRUE
B22: =D22&"_"&F22&"_"&H22&"_"&I22 -> M_VAV0201_VM_KJ_IND_2000_10 | C22: 전동식(1상식) 버터플라이 밸브 | D22: {=INDEX(기계코드!$D$4:$D$1022,MATCH(1,(C22=기계코드!$F$4:$F$1022)*1,0))} -> M_VAV0201 | E22: 경진산업 | F22: {=INDEX(공급업체코드!$B$3:$B$1000,MATCH(1,(E22=공급업체코드!$D$3:$D$1000)*1,0))} -> VM_KJ_IND | H22: 2000 | I22: 10 | J22: 5.5 | K22: S_SYS04 | L22: 380 | M22: 0.917 | N22: 0.9 | O22: 10 | P22: 0.123 | Q22: EA | S22: 일반 | T22: 고무 시트(EPDM) | U22: {=INDEX(기자재코드!$D$4:$D$25,MATCH(1,(T22=기자재코드!$F$4:$F$25)*1,0))} -> S_VAV01 | V22: GCD450 | W22: 97699200 | Y22: 물가자료25년10월호846Page | Z22: TRUE
B23: =D23&"_"&F23&"_"&H23&"_"&I23 -> M_VAV0201_VM_KJ_IND_2100_10 | C23: 전동식(1상식) 버터플라이 밸브 | D23: {=INDEX(기계코드!$D$4:$D$1022,MATCH(1,(C23=기계코드!$F$4:$F$1022)*1,0))} -> M_VAV0201 | E23: 경진산업 | F23: {=INDEX(공급업체코드!$B$3:$B$1000,MATCH(1,(E23=공급업체코드!$D$3:$D$1000)*1,0))} -> VM_KJ_IND | H23: 2100 | I23: 10 | J23: 5.5 | K23: S_SYS04 | L23: 380 | M23: 0.917 | N23: 0.9 | O23: 10 | P23: 0.123 | Q23: EA | S23: 일반 | T23: 고무 시트(EPDM) | U23: {=INDEX(기자재코드!$D$4:$D$25,MATCH(1,(T23=기자재코드!$F$4:$F$25)*1,0))} -> S_VAV01 | V23: GCD450 | W23: 108602400 | Y23: 물가자료25년10월호846Page | Z23: TRUE
B24: =D24&"_"&F24&"_"&H24&"_"&I24 -> M_VAV0201_VM_KJ_IND_2200_10 | C24: 전동식(1상식) 버터플라이 밸브 | D24: {=INDEX(기계코드!$D$4:$D$1022,MATCH(1,(C24=기계코드!$F$4:$F$1022)*1,0))} -> M_VAV0201 | E24: 경진산업 | F24: {=INDEX(공급업체코드!$B$3:$B$1000,MATCH(1,(E24=공급업체코드!$D$3:$D$1000)*1,0))} -> VM_KJ_IND | H24: 2200 | I24: 10 | J24: 5.5 | K24: S_SYS04 | L24: 380 | M24: 0.917 | N24: 0.9 | O24: 10 | P24: 0.123 | Q24: EA | S24: 일반 | T24: 고무 시트(EPDM) | U24: {=INDEX(기자재코드!$D$4:$D$25,MATCH(1,(T24=기자재코드!$F$4:$F$25)*1,0))} -> S_VAV01 | V24: GCD450 | W24: 120739200 | Y24: 물가자료25년10월호846Page | Z24: TRUE
A25: 공압식 버터플라이밸브 (싱글), 200A | B25: =D25&"_"&F25&"_"&H25&"_"&I25 -> M_VAV0204_VM_KJ_IND_200_10 | C25: 공압식 버터플라이 밸브 | D25: {=INDEX(기계코드!$D$4:$D$1022,MATCH(1,(C25=기계코드!$F$4:$F$1022)*1,0))} -> M_VAV0204 | E25: 경진산업 | F25: {=INDEX(공급업체코드!$B$3:$B$1000,MATCH(1,(E25=공급업체코드!$D$3:$D$1000)*1,0))} -> VM_KJ_IND | H25: 200 | I25: 10 | P25: 0.123 | Q25: EA | R25: 31 | S25: 일반 | T25: 고무 시트(EPDM) | U25: {=INDEX(기자재코드!$D$4:$D$25,MATCH(1,(T25=기자재코드!$F$4:$F$25)*1,0))} -> S_VAV01 | V25: GCD450 | W25: 9391200 | Y25: 물가자료25년10월호846Page | Z25: TRUE
A26: 공압식 버터플라이밸브 (싱글), 250A | B26: =D26&"_"&F26&"_"&H26&"_"&I26 -> M_VAV0204_VM_KJ_IND_250_10 | C26: 공압식 버터플라이 밸브 | D26: {=INDEX(기계코드!$D$4:$D$1022,MATCH(1,(C26=기계코드!$F$4:$F$1022)*1,0))} -> M_VAV0204 | E26: 경진산업 | F26: {=INDEX(공급업체코드!$B$3:$B$1000,MATCH(1,(E26=공급업체코드!$D$3:$D$1000)*1,0))} -> VM_KJ_IND | H26: 250 | I26: 10 | P26: 0.123 | Q26: EA | R26: 32 | S26: 일반 | T26: 고무 시트(EPDM) | U26: {=INDEX(기자재코드!$D$4:$D$25,MATCH(1,(T26=기자재코드!$F$4:$F$25)*1,0))} -> S_VAV01 | V26: GCD450 | W26: 9703200 | Y26: 물가자료25년10월호846Page | Z26: TRUE
A27: 공압식 버터플라이밸브 (싱글), 300A | B27: =D27&"_"&F27&"_"&H27&"_"&I27 -> M_VAV0204_VM_KJ_IND_300_10 | C27: 공압식 버터플라이 밸브 | D27: {=INDEX(기계코드!$D$4:$D$1022,MATCH(1,(C27=기계코드!$F$4:$F$1022)*1,0))} -> M_VAV0204 | E27: 경진산업 | F27: {=INDEX(공급업체코드!$B$3:$B$1000,MATCH(1,(E27=공급업체코드!$D$3:$D$1000)*1,0))} -> VM_KJ_IND | H27: 300 | I27: 10 | P27: 0.123 | Q27: EA | R27: 33 | S27: 일반 | T27: 고무 시트(EPDM) | U27: {=INDEX(기자재코드!$D$4:$D$25,MATCH(1,(T27=기자재코드!$F$4:$F$25)*1,0))} -> S_VAV01 | V27: GCD450 | W27: 10120800 | Y27: 물가자료25년10월호846Page | Z27: TRUE
A28: 공압식 버터플라이밸브 (싱글), 350A | B28: =D28&"_"&F28&"_"&H28&"_"&I28 -> M_VAV0204_VM_KJ_IND_350_10 | C28: 공압식 버터플라이 밸브 | D28: {=INDEX(기계코드!$D$4:$D$1022,MATCH(1,(C28=기계코드!$F$4:$F$1022)*1,0))} -> M_VAV0204 | E28: 경진산업 | F28: {=INDEX(공급업체코드!$B$3:$B$1000,MATCH(1,(E28=공급업체코드!$D$3:$D$1000)*1,0))} -> VM_KJ_IND | H28: 350 | I28: 10 | P28: 0.123 | Q28: EA | R28: 34 | S28: 일반 | T28: 고무 시트(EPDM) | U28: {=INDEX(기자재코드!$D$4:$D$25,MATCH(1,(T28=기자재코드!$F$4:$F$25)*1,0))} -> S_VAV01 | V28: GCD450 | W28: 10688400 | Y28: 물가자료25년10월호846Page | Z28: TRUE
A29: 공압식 버터플라이밸브 (싱글), 400A | B29: =D29&"_"&F29&"_"&H29&"_"&I29 -> M_VAV0204_VM_KJ_IND_400_10 | C29: 공압식 버터플라이 밸브 | D29: {=INDEX(기계코드!$D$4:$D$1022,MATCH(1,(C29=기계코드!$F$4:$F$1022)*1,0))} -> M_VAV0204 | E29: 경진산업 | F29: {=INDEX(공급업체코드!$B$3:$B$1000,MATCH(1,(E29=공급업체코드!$D$3:$D$1000)*1,0))} -> VM_KJ_IND | H29: 400 | I29: 10 | P29: 0.123 | Q29: EA | R29: 35 | S29: 일반 | T29: 고무 시트(EPDM) | U29: {=INDEX(기자재코드!$D$4:$D$25,MATCH(1,(T29=기자재코드!$F$4:$F$25)*1,0))} -> S_VAV01 | V29: GCD450 | W29: 11382000 | Y29: 물가자료25년10월호846Page | Z29: TRUE
A30: 공압식 버터플라이밸브 (싱글), 450A | B30: =D30&"_"&F30&"_"&H30&"_"&I30 -> M_VAV0204_VM_KJ_IND_450_10 | C30: 공압식 버터플라이 밸브 | D30: {=INDEX(기계코드!$D$4:$D$1022,MATCH(1,(C30=기계코드!$F$4:$F$1022)*1,0))} -> M_VAV0204 | E30: 경진산업 | F30: {=INDEX(공급업체코드!$B$3:$B$1000,MATCH(1,(E30=공급업체코드!$D$3:$D$1000)*1,0))} -> VM_KJ_IND | H30: 450 | I30: 10 | P30: 0.123 | Q30: EA | R30: 36 | S30: 일반 | T30: 고무 시트(EPDM) | U30: {=INDEX(기자재코드!$D$4:$D$25,MATCH(1,(T30=기자재코드!$F$4:$F$25)*1,0))} -> S_VAV01 | V30: GCD450 | W30: 13016400 | Y30: 물가자료25년10월호846Page | Z30: TRUE
A31: 공압식 버터플라이밸브 (싱글), 500A | B31: =D31&"_"&F31&"_"&H31&"_"&I31 -> M_VAV0204_VM_KJ_IND_500_10 | C31: 공압식 버터플라이 밸브 | D31: {=INDEX(기계코드!$D$4:$D$1022,MATCH(1,(C31=기계코드!$F$4:$F$1022)*1,0))} -> M_VAV0204 | E31: 경진산업 | F31: {=INDEX(공급업체코드!$B$3:$B$1000,MATCH(1,(E31=공급업체코드!$D$3:$D$1000)*1,0))} -> VM_KJ_IND | H31: 500 | I31: 10 | P31: 0.123 | Q31: EA | R31: 37 | S31: 일반 | T31: 고무 시트(EPDM) | U31: {=INDEX(기자재코드!$D$4:$D$25,MATCH(1,(T31=기자재코드!$F$4:$F$25)*1,0))} -> S_VAV01 | V31: GCD450 | W31: 14428800 | Y31: 물가자료25년10월호846Page | Z31: TRUE
A32: 공압식 버터플라이밸브 (싱글), 600A | B32: =D32&"_"&F32&"_"&H32&"_"&I32 -> M_VAV0204_VM_KJ_IND_600_10 | C32: 공압식 버터플라이 밸브 | D32: {=INDEX(기계코드!$D$4:$D$1022,MATCH(1,(C32=기계코드!$F$4:$F$1022)*1,0))} -> M_VAV0204 | E32: 경진산업 | F32: {=INDEX(공급업체코드!$B$3:$B$1000,MATCH(1,(E32=공급업체코드!$D$3:$D$1000)*1,0))} -> VM_KJ_IND | H32: 600 | I32: 10 | P32: 0.123 | Q32: EA | R32: 38 | S32: 일반 | T32: 고무 시트(EPDM) | U32: {=INDEX(기자재코드!$D$4:$D$25,MATCH(1,(T32=기자재코드!$F$4:$F$25)*1,0))} -> S_VAV01 | V32: GCD450 | W32: 17854800 | Y32: 물가자료25년10월호846Page | Z32: TRUE
A33: 공압식 버터플라이밸브 (싱글), 700A | B33: =D33&"_"&F33&"_"&H33&"_"&I33 -> M_VAV0204_VM_KJ_IND_700_10 | C33: 공압식 버터플라이 밸브 | D33: {=INDEX(기계코드!$D$4:$D$1022,MATCH(1,(C33=기계코드!$F$4:$F$1022)*1,0))} -> M_VAV0204 | E33: 경진산업 | F33: {=INDEX(공급업체코드!$B$3:$B$1000,MATCH(1,(E33=공급업체코드!$D$3:$D$1000)*1,0))} -> VM_KJ_IND | H33: 700 | I33: 10 | P33: 0.123 | Q33: EA | S33: 일반 | T33: 고무 시트(EPDM) | U33: {=INDEX(기자재코드!$D$4:$D$25,MATCH(1,(T33=기자재코드!$F$4:$F$25)*1,0))} -> S_VAV01 | V33: GCD450 | W33: 21420000 | Y33: 물가자료25년10월호846Page | Z33: TRUE
A34: 공압식 버터플라이밸브 (싱글), 800A | B34: =D34&"_"&F34&"_"&H34&"_"&I34 -> M_VAV0204_VM_KJ_IND_800_10 | C34: 공압식 버터플라이 밸브 | D34: {=INDEX(기계코드!$D$4:$D$1022,MATCH(1,(C34=기계코드!$F$4:$F$1022)*1,0))} -> M_VAV0204 | E34: 경진산업 | F34: {=INDEX(공급업체코드!$B$3:$B$1000,MATCH(1,(E34=공급업체코드!$D$3:$D$1000)*1,0))} -> VM_KJ_IND | H34: 800 | I34: 10 | P34: 0.123 | Q34: EA | S34: 일반 | T34: 고무 시트(EPDM) | U34: {=INDEX(기자재코드!$D$4:$D$25,MATCH(1,(T34=기자재코드!$F$4:$F$25)*1,0))} -> S_VAV01 | V34: GCD450 | W34: 27732000 | Y34: 물가자료25년10월호846Page | Z34: TRUE
A35: 공압식 버터플라이밸브 (싱글), 900A | B35: =D35&"_"&F35&"_"&H35&"_"&I35 -> M_VAV0204_VM_KJ_IND_900_10 | C35: 공압식 버터플라이 밸브 | D35: {=INDEX(기계코드!$D$4:$D$1022,MATCH(1,(C35=기계코드!$F$4:$F$1022)*1,0))} -> M_VAV0204 | E35: 경진산업 | F35: {=INDEX(공급업체코드!$B$3:$B$1000,MATCH(1,(E35=공급업체코드!$D$3:$D$1000)*1,0))} -> VM_KJ_IND | H35: 900 | I35: 10 | P35: 0.123 | Q35: EA | S35: 일반 | T35: 고무 시트(EPDM) | U35: {=INDEX(기자재코드!$D$4:$D$25,MATCH(1,(T35=기자재코드!$F$4:$F$25)*1,0))} -> S_VAV01 | V35: GCD450 | W35: 34711200 | Y35: 물가자료25년10월호846Page | Z35: TRUE
A36: 공압식 버터플라이밸브 (싱글), 1000A | B36: =D36&"_"&F36&"_"&H36&"_"&I36 -> M_VAV0204_VM_KJ_IND_1000_10 | C36: 공압식 버터플라이 밸브 | D36: {=INDEX(기계코드!$D$4:$D$1022,MATCH(1,(C36=기계코드!$F$4:$F$1022)*1,0))} -> M_VAV0204 | E36: 경진산업 | F36: {=INDEX(공급업체코드!$B$3:$B$1000,MATCH(1,(E36=공급업체코드!$D$3:$D$1000)*1,0))} -> VM_KJ_IND | H36: 1000 | I36: 10 | P36: 0.123 | Q36: EA | S36: 일반 | T36: 고무 시트(EPDM) | U36: {=INDEX(기자재코드!$D$4:$D$25,MATCH(1,(T36=기자재코드!$F$4:$F$25)*1,0))} -> S_VAV01 | V36: GCD450 | W36: 44455200 | Y36: 물가자료25년10월호846Page | Z36: TRUE
A37: 전동식 버터플라이밸브, 200A | B37: =D37&"_"&F37&"_"&H37&"_"&I37 -> M_VAV0201_VM_HD_VALVE_200_10 | C37: 전동식(1상식) 버터플라이 밸브 | D37: {=INDEX(기계코드!$D$4:$D$1022,MATCH(1,(C37=기계코드!$F$4:$F$1022)*1,0))} -> M_VAV0201 | E37: 현대밸브 | F37: {=INDEX(공급업체코드!$B$3:$B$1000,MATCH(1,(E37=공급업체코드!$D$3:$D$1000)*1,0))} -> VM_HD_VALVE | H37: 200 | I37: 10 | J37: 0.4 | K37: S_SYS04 | L37: 380 | M37: 0.65 | N37: 0.9 | O37: 10 | P37: 0.123 | Q37: EA | R37: 31 | S37: 일반 | T37: 고무 시트(EPDM) | U37: {=INDEX(기자재코드!$D$4:$D$25,MATCH(1,(T37=기자재코드!$F$4:$F$25)*1,0))} -> S_VAV01 | V37: GCD450 | W37: 9394000 | Y37: 물가자료25년10월호856Page | Z37: TRUE
A38: 전동식 버터플라이밸브, 250A | B38: =D38&"_"&F38&"_"&H38&"_"&I38 -> M_VAV0201_VM_HD_VALVE_250_10 | C38: 전동식(1상식) 버터플라이 밸브 | D38: {=INDEX(기계코드!$D$4:$D$1022,MATCH(1,(C38=기계코드!$F$4:$F$1022)*1,0))} -> M_VAV0201 | E38: 현대밸브 | F38: {=INDEX(공급업체코드!$B$3:$B$1000,MATCH(1,(E38=공급업체코드!$D$3:$D$1000)*1,0))} -> VM_HD_VALVE | H38: 250 | I38: 10 | J38: 0.4 | K38: S_SYS04 | L38: 380 | M38: 0.65 | N38: 0.9 | O38: 10 | P38: 0.123 | Q38: EA | R38: 32 | S38: 일반 | T38: 고무 시트(EPDM) | U38: {=INDEX(기자재코드!$D$4:$D$25,MATCH(1,(T38=기자재코드!$F$4:$F$25)*1,0))} -> S_VAV01 | V38: GCD450 | W38: 9660000 | Y38: 물가자료25년10월호856Page | Z38: TRUE
A39: 전동식 버터플라이밸브, 300A | B39: =D39&"_"&F39&"_"&H39&"_"&I39 -> M_VAV0201_VM_HD_VALVE_300_10 | C39: 전동식(1상식) 버터플라이 밸브 | D39: {=INDEX(기계코드!$D$4:$D$1022,MATCH(1,(C39=기계코드!$F$4:$F$1022)*1,0))} -> M_VAV0201 | E39: 현대밸브 | F39: {=INDEX(공급업체코드!$B$3:$B$1000,MATCH(1,(E39=공급업체코드!$D$3:$D$1000)*1,0))} -> VM_HD_VALVE | H39: 300 | I39: 10 | J39: 0.4 | K39: S_SYS04 | L39: 380 | M39: 0.65 | N39: 0.9 | O39: 10 | P39: 0.123 | Q39: EA | R39: 33 | S39: 일반 | T39: 고무 시트(EPDM) | U39: {=INDEX(기자재코드!$D$4:$D$25,MATCH(1,(T39=기자재코드!$F$4:$F$25)*1,0))} -> S_VAV01 | V39: GCD450 | W39: 10361400 | Y39: 물가자료25년10월호856Page | Z39: TRUE
A40: 전동식 버터플라이밸브, 350A | B40: =D40&"_"&F40&"_"&H40&"_"&I40 -> M_VAV0201_VM_HD_VALVE_350_10 | C40: 전동식(1상식) 버터플라이 밸브 | D40: {=INDEX(기계코드!$D$4:$D$1022,MATCH(1,(C40=기계코드!$F$4:$F$1022)*1,0))} -> M_VAV0201 | E40: 현대밸브 | F40: {=INDEX(공급업체코드!$B$3:$B$1000,MATCH(1,(E40=공급업체코드!$D$3:$D$1000)*1,0))} -> VM_HD_VALVE | H40: 350 | I40: 10 | J40: 0.75 | K40: S_SYS04 | L40: 380 | M40: 0.835 | N40: 0.9 | O40: 10 | P40: 0.123 | Q40: EA | R40: 34 | S40: 일반 | T40: 고무 시트(EPDM) | U40: {=INDEX(기자재코드!$D$4:$D$25,MATCH(1,(T40=기자재코드!$F$4:$F$25)*1,0))} -> S_VAV01 | V40: GCD450 | W40: 11144000 | Y40: 물가자료25년10월호856Page | Z40: TRUE
A41: 전동식 버터플라이밸브, 400A | B41: =D41&"_"&F41&"_"&H41&"_"&I41 -> M_VAV0201_VM_HD_VALVE_400_10 | C41: 전동식(1상식) 버터플라이 밸브 | D41: {=INDEX(기계코드!$D$4:$D$1022,MATCH(1,(C41=기계코드!$F$4:$F$1022)*1,0))} -> M_VAV0201 | E41: 현대밸브 | F41: {=INDEX(공급업체코드!$B$3:$B$1000,MATCH(1,(E41=공급업체코드!$D$3:$D$1000)*1,0))} -> VM_HD_VALVE | H41: 400 | I41: 10 | J41: 0.75 | K41: S_SYS04 | L41: 380 | M41: 0.835 | N41: 0.9 | O41: 10 | P41: 0.123 | Q41: EA | R41: 35 | S41: 일반 | T41: 고무 시트(EPDM) | U41: {=INDEX(기자재코드!$D$4:$D$25,MATCH(1,(T41=기자재코드!$F$4:$F$25)*1,0))} -> S_VAV01 | V41: GCD450 | W41: 11732000 | Y41: 물가자료25년10월호856Page | Z41: TRUE
A42: 전동식 버터플라이밸브, 450A | B42: =D42&"_"&F42&"_"&H42&"_"&I42 -> M_VAV0201_VM_HD_VALVE_450_10 | C42: 전동식(1상식) 버터플라이 밸브 | D42: {=INDEX(기계코드!$D$4:$D$1022,MATCH(1,(C42=기계코드!$F$4:$F$1022)*1,0))} -> M_VAV0201 | E42: 현대밸브 | F42: {=INDEX(공급업체코드!$B$3:$B$1000,MATCH(1,(E42=공급업체코드!$D$3:$D$1000)*1,0))} -> VM_HD_VALVE | H42: 450 | I42: 10 | J42: 0.75 | K42: S_SYS04 | L42: 380 | M42: 0.835 | N42: 0.9 | O42: 10 | P42: 0.123 | Q42: EA | R42: 36 | S42: 일반 | T42: 고무 시트(EPDM) | U42: {=INDEX(기자재코드!$D$4:$D$25,MATCH(1,(T42=기자재코드!$F$4:$F$25)*1,0))} -> S_VAV01 | V42: GCD450 | W42: 13080200 | Y42: 물가자료25년10월호856Page | Z42: TRUE
A43: 전동식 버터플라이밸브, 500A | B43: =D43&"_"&F43&"_"&H43&"_"&I43 -> M_VAV0201_VM_HD_VALVE_500_10 | C43: 전동식(1상식) 버터플라이 밸브 | D43: {=INDEX(기계코드!$D$4:$D$1022,MATCH(1,(C43=기계코드!$F$4:$F$1022)*1,0))} -> M_VAV0201 | E43: 현대밸브 | F43: {=INDEX(공급업체코드!$B$3:$B$1000,MATCH(1,(E43=공급업체코드!$D$3:$D$1000)*1,0))} -> VM_HD_VALVE | H43: 500 | I43: 10 | J43: 0.75 | K43: S_SYS04 | L43: 380 | M43: 0.835 | N43: 0.9 | O43: 10 | P43: 0.123 | Q43: EA | R43: 37 | S43: 일반 | T43: 고무 시트(EPDM) | U43: {=INDEX(기자재코드!$D$4:$D$25,MATCH(1,(T43=기자재코드!$F$4:$F$25)*1,0))} -> S_VAV01 | V43: GCD450 | W43: 13333600 | Y43: 물가자료25년10월호856Page | Z43: TRUE
A44: 전동식 버터플라이밸브, 600A | B44: =D44&"_"&F44&"_"&H44&"_"&I44 -> M_VAV0201_VM_HD_VALVE_600_10 | C44: 전동식(1상식) 버터플라이 밸브 | D44: {=INDEX(기계코드!$D$4:$D$1022,MATCH(1,(C44=기계코드!$F$4:$F$1022)*1,0))} -> M_VAV0201 | E44: 현대밸브 | F44: {=INDEX(공급업체코드!$B$3:$B$1000,MATCH(1,(E44=공급업체코드!$D$3:$D$1000)*1,0))} -> VM_HD_VALVE | H44: 600 | I44: 10 | J44: 0.75 | K44: S_SYS04 | L44: 380 | M44: 0.835 | N44: 0.9 | O44: 10 | P44: 0.123 | Q44: EA | R44: 38 | S44: 일반 | T44: 고무 시트(EPDM) | U44: {=INDEX(기자재코드!$D$4:$D$25,MATCH(1,(T44=기자재코드!$F$4:$F$25)*1,0))} -> S_VAV01 | V44: GCD450 | W44: 16160200 | Y44: 물가자료25년10월호856Page | Z44: TRUE
A45: 전동식 버터플라이밸브, 700A | B45: =D45&"_"&F45&"_"&H45&"_"&I45 -> M_VAV0201_VM_HD_VALVE_700_10 | C45: 전동식(1상식) 버터플라이 밸브 | D45: {=INDEX(기계코드!$D$4:$D$1022,MATCH(1,(C45=기계코드!$F$4:$F$1022)*1,0))} -> M_VAV0201 | E45: 현대밸브 | F45: {=INDEX(공급업체코드!$B$3:$B$1000,MATCH(1,(E45=공급업체코드!$D$3:$D$1000)*1,0))} -> VM_HD_VALVE | H45: 700 | I45: 10 | J45: 0.75 | K45: S_SYS04 | L45: 380 | M45: 0.835 | N45: 0.9 | O45: 10 | P45: 0.123 | Q45: EA | S45: 일반 | T45: 고무 시트(EPDM) | U45: {=INDEX(기자재코드!$D$4:$D$25,MATCH(1,(T45=기자재코드!$F$4:$F$25)*1,0))} -> S_VAV01 | V45: GCD450 | W45: 18190200 | Y45: 물가자료25년10월호856Page | Z45: TRUE
A46: 전동식 버터플라이밸브, 800A | B46: =D46&"_"&F46&"_"&H46&"_"&I46 -> M_VAV0201_VM_HD_VALVE_800_10 | C46: 전동식(1상식) 버터플라이 밸브 | D46: {=INDEX(기계코드!$D$4:$D$1022,MATCH(1,(C46=기계코드!$F$4:$F$1022)*1,0))} -> M_VAV0201 | E46: 현대밸브 | F46: {=INDEX(공급업체코드!$B$3:$B$1000,MATCH(1,(E46=공급업체코드!$D$3:$D$1000)*1,0))} -> VM_HD_VALVE | H46: 800 | I46: 10 | J46: 1.5 | K46: S_SYS04 | L46: 380 | M46: 0.865 | N46: 0.9 | O46: 10 | P46: 0.123 | Q46: EA | S46: 일반 | T46: 고무 시트(EPDM) | U46: {=INDEX(기자재코드!$D$4:$D$25,MATCH(1,(T46=기자재코드!$F$4:$F$25)*1,0))} -> S_VAV01 | V46: GCD450 | W46: 20906200 | Y46: 물가자료25년10월호856Page | Z46: TRUE
A47: 전동식 버터플라이밸브, 900A | B47: =D47&"_"&F47&"_"&H47&"_"&I47 -> M_VAV0201_VM_HD_VALVE_900_10 | C47: 전동식(1상식) 버터플라이 밸브 | D47: {=INDEX(기계코드!$D$4:$D$1022,MATCH(1,(C47=기계코드!$F$4:$F$1022)*1,0))} -> M_VAV0201 | E47: 현대밸브 | F47: {=INDEX(공급업체코드!$B$3:$B$1000,MATCH(1,(E47=공급업체코드!$D$3:$D$1000)*1,0))} -> VM_HD_VALVE | H47: 900 | I47: 10 | J47: 1.5 | K47: S_SYS04 | L47: 380 | M47: 0.865 | N47: 0.9 | O47: 10 | P47: 0.123 | Q47: EA | S47: 일반 | T47: 고무 시트(EPDM) | U47: {=INDEX(기자재코드!$D$4:$D$25,MATCH(1,(T47=기자재코드!$F$4:$F$25)*1,0))} -> S_VAV01 | V47: GCD450 | W47: 25699800 | Y47: 물가자료25년10월호856Page | Z47: TRUE
A48: 전동식 버터플라이밸브, 1000A | B48: =D48&"_"&F48&"_"&H48&"_"&I48 -> M_VAV0201_VM_HD_VALVE_1000_10 | C48: 전동식(1상식) 버터플라이 밸브 | D48: {=INDEX(기계코드!$D$4:$D$1022,MATCH(1,(C48=기계코드!$F$4:$F$1022)*1,0))} -> M_VAV0201 | E48: 현대밸브 | F48: {=INDEX(공급업체코드!$B$3:$B$1000,MATCH(1,(E48=공급업체코드!$D$3:$D$1000)*1,0))} -> VM_HD_VALVE | H48: 1000 | I48: 10 | J48: 2.2 | K48: S_SYS04 | L48: 380 | M48: 0.895 | N48: 0.9 | O48: 10 | P48: 0.123 | Q48: EA | S48: 일반 | T48: 고무 시트(EPDM) | U48: {=INDEX(기자재코드!$D$4:$D$25,MATCH(1,(T48=기자재코드!$F$4:$F$25)*1,0))} -> S_VAV01 | V48: GCD450 | W48: 26822600 | Y48: 물가자료25년10월호856Page | Z48: TRUE
A49: 전동식 버터플라이밸브, 1100A | B49: =D49&"_"&F49&"_"&H49&"_"&I49 -> M_VAV0201_VM_HD_VALVE_1100_10 | C49: 전동식(1상식) 버터플라이 밸브 | D49: {=INDEX(기계코드!$D$4:$D$1022,MATCH(1,(C49=기계코드!$F$4:$F$1022)*1,0))} -> M_VAV0201 | E49: 현대밸브 | F49: {=INDEX(공급업체코드!$B$3:$B$1000,MATCH(1,(E49=공급업체코드!$D$3:$D$1000)*1,0))} -> VM_HD_VALVE | H49: 1100 | I49: 10 | J49: 2.2 | K49: S_SYS04 | L49: 380 | M49: 0.895 | N49: 0.9 | O49: 10 | P49: 0.123 | Q49: EA | S49: 일반 | T49: 고무 시트(EPDM) | U49: {=INDEX(기자재코드!$D$4:$D$25,MATCH(1,(T49=기자재코드!$F$4:$F$25)*1,0))} -> S_VAV01 | V49: GCD450 | W49: 37942800 | Y49: 물가자료25년10월호856Page | Z49: TRUE
A50: 전동식 버터플라이밸브, 1200A | B50: =D50&"_"&F50&"_"&H50&"_"&I50 -> M_VAV0201_VM_HD_VALVE_1200_10 | C50: 전동식(1상식) 버터플라이 밸브 | D50: {=INDEX(기계코드!$D$4:$D$1022,MATCH(1,(C50=기계코드!$F$4:$F$1022)*1,0))} -> M_VAV0201 | E50: 현대밸브 | F50: {=INDEX(공급업체코드!$B$3:$B$1000,MATCH(1,(E50=공급업체코드!$D$3:$D$1000)*1,0))} -> VM_HD_VALVE | H50: 1200 | I50: 10 | J50: 3.7 | K50: S_SYS04 | L50: 380 | M50: 0.895 | N50: 0.9 | O50: 10 | P50: 0.123 | Q50: EA | S50: 일반 | T50: 고무 시트(EPDM) | U50: {=INDEX(기자재코드!$D$4:$D$25,MATCH(1,(T50=기자재코드!$F$4:$F$25)*1,0))} -> S_VAV01 | V50: GCD450 | W50: 40633600 | Y50: 물가자료25년10월호856Page | Z50: TRUE
A51: 전동식 버터플라이밸브, 1350A | B51: =D51&"_"&F51&"_"&H51&"_"&I51 -> M_VAV0201_VM_HD_VALVE_1350_10 | C51: 전동식(1상식) 버터플라이 밸브 | D51: {=INDEX(기계코드!$D$4:$D$1022,MATCH(1,(C51=기계코드!$F$4:$F$1022)*1,0))} -> M_VAV0201 | E51: 현대밸브 | F51: {=INDEX(공급업체코드!$B$3:$B$1000,MATCH(1,(E51=공급업체코드!$D$3:$D$1000)*1,0))} -> VM_HD_VALVE | H51: 1350 | I51: 10 | J51: 3.7 | K51: S_SYS04 | L51: 380 | M51: 0.895 | N51: 0.9 | O51: 10 | P51: 0.123 | Q51: EA | S51: 일반 | T51: 고무 시트(EPDM) | U51: {=INDEX(기자재코드!$D$4:$D$25,MATCH(1,(T51=기자재코드!$F$4:$F$25)*1,0))} -> S_VAV01 | V51: GCD450 | W51: 52421600 | Y51: 물가자료25년10월호856Page | Z51: TRUE
A52: 전동식 버터플라이밸브, 1500A | B52: =D52&"_"&F52&"_"&H52&"_"&I52 -> M_VAV0201_VM_HD_VALVE_1500_10 | C52: 전동식(1상식) 버터플라이 밸브 | D52: {=INDEX(기계코드!$D$4:$D$1022,MATCH(1,(C52=기계코드!$F$4:$F$1022)*1,0))} -> M_VAV0201 | E52: 현대밸브 | F52: {=INDEX(공급업체코드!$B$3:$B$1000,MATCH(1,(E52=공급업체코드!$D$3:$D$1000)*1,0))} -> VM_HD_VALVE | H52: 1500 | I52: 10 | J52: 3.7 | K52: S_SYS04 | L52: 380 | M52: 0.895 | N52: 0.9 | O52: 10 | P52: 0.123 | Q52: EA | S52: 일반 | T52: 고무 시트(EPDM) | U52: {=INDEX(기자재코드!$D$4:$D$25,MATCH(1,(T52=기자재코드!$F$4:$F$25)*1,0))} -> S_VAV01 | V52: GCD450 | W52: 61138000 | Y52: 물가자료25년10월호856Page | Z52: TRUE
B53: =D53&"_"&F53&"_"&H53&"_"&I53 -> M_VAV0201_VM_HD_VALVE_1650_10 | C53: 전동식(1상식) 버터플라이 밸브 | D53: {=INDEX(기계코드!$D$4:$D$1022,MATCH(1,(C53=기계코드!$F$4:$F$1022)*1,0))} -> M_VAV0201 | E53: 현대밸브 | F53: {=INDEX(공급업체코드!$B$3:$B$1000,MATCH(1,(E53=공급업체코드!$D$3:$D$1000)*1,0))} -> VM_HD_VALVE | H53: 1650 | I53: 10 | J53: 5.5 | K53: S_SYS04 | L53: 380 | M53: 0.917 | N53: 0.9 | O53: 10 | P53: 0.123 | Q53: EA | S53: 일반 | T53: 고무 시트(EPDM) | U53: {=INDEX(기자재코드!$D$4:$D$25,MATCH(1,(T53=기자재코드!$F$4:$F$25)*1,0))} -> S_VAV01 | V53: GCD450 | W53: 67200000 | Y53: 물가자료25년10월호856Page | Z53: TRUE
B54: =D54&"_"&F54&"_"&H54&"_"&I54 -> M_VAV0201_VM_HD_VALVE_1800_10 | C54: 전동식(1상식) 버터플라이 밸브 | D54: {=INDEX(기계코드!$D$4:$D$1022,MATCH(1,(C54=기계코드!$F$4:$F$1022)*1,0))} -> M_VAV0201 | E54: 현대밸브 | F54: {=INDEX(공급업체코드!$B$3:$B$1000,MATCH(1,(E54=공급업체코드!$D$3:$D$1000)*1,0))} -> VM_HD_VALVE | H54: 1800 | I54: 10 | J54: 5.5 | K54: S_SYS04 | L54: 380 | M54: 0.917 | N54: 0.9 | O54: 10 | P54: 0.123 | Q54: EA | S54: 일반 | T54: 고무 시트(EPDM) | U54: {=INDEX(기자재코드!$D$4:$D$25,MATCH(1,(T54=기자재코드!$F$4:$F$25)*1,0))} -> S_VAV01 | V54: GCD450 | W54: 80820600 | Y54: 물가자료25년10월호856Page | Z54: TRUE
B55: =D55&"_"&F55&"_"&H55&"_"&I55 -> M_VAV0201_VM_HD_VALVE_2000_10 | C55: 전동식(1상식) 버터플라이 밸브 | D55: {=INDEX(기계코드!$D$4:$D$1022,MATCH(1,(C55=기계코드!$F$4:$F$1022)*1,0))} -> M_VAV0201 | E55: 현대밸브 | F55: {=INDEX(공급업체코드!$B$3:$B$1000,MATCH(1,(E55=공급업체코드!$D$3:$D$1000)*1,0))} -> VM_HD_VALVE | H55: 2000 | I55: 10 | J55: 5.5 | K55: S_SYS04 | L55: 380 | M55: 0.917 | N55: 0.9 | O55: 10 | P55: 0.123 | Q55: EA | S55: 일반 | T55: 고무 시트(EPDM) | U55: {=INDEX(기자재코드!$D$4:$D$25,MATCH(1,(T55=기자재코드!$F$4:$F$25)*1,0))} -> S_VAV01 | V55: GCD450 | W55: 84039200 | Y55: 물가자료25년10월호856Page | Z55: TRUE
B56: =D56&"_"&F56&"_"&H56&"_"&I56 -> M_VAV0201_VM_HD_VALVE_2100_10 | C56: 전동식(1상식) 버터플라이 밸브 | D56: {=INDEX(기계코드!$D$4:$D$1022,MATCH(1,(C56=기계코드!$F$4:$F$1022)*1,0))} -> M_VAV0201 | E56: 현대밸브 | F56: {=INDEX(공급업체코드!$B$3:$B$1000,MATCH(1,(E56=공급업체코드!$D$3:$D$1000)*1,0))} -> VM_HD_VALVE | H56: 2100 | I56: 10 | J56: 5.5 | K56: S_SYS04 | L56: 380 | M56: 0.917 | N56: 0.9 | O56: 10 | P56: 0.123 | Q56: EA | S56: 일반 | T56: 고무 시트(EPDM) | U56: {=INDEX(기자재코드!$D$4:$D$25,MATCH(1,(T56=기자재코드!$F$4:$F$25)*1,0))} -> S_VAV01 | V56: GCD450 | W56: 85579200 | Y56: 물가자료25년10월호856Page | Z56: TRUE
B57: =D57&"_"&F57&"_"&H57&"_"&I57 -> M_VAV0201_VM_HD_VALVE_2200_10 | C57: 전동식(1상식) 버터플라이 밸브 | D57: {=INDEX(기계코드!$D$4:$D$1022,MATCH(1,(C57=기계코드!$F$4:$F$1022)*1,0))} -> M_VAV0201 | E57: 현대밸브 | F57: {=INDEX(공급업체코드!$B$3:$B$1000,MATCH(1,(E57=공급업체코드!$D$3:$D$1000)*1,0))} -> VM_HD_VALVE | H57: 2200 | I57: 10 | J57: 5.5 | K57: S_SYS04 | L57: 380 | M57: 0.917 | N57: 0.9 | O57: 10 | P57: 0.123 | Q57: EA | S57: 일반 | T57: 고무 시트(EPDM) | U57: {=INDEX(기자재코드!$D$4:$D$25,MATCH(1,(T57=기자재코드!$F$4:$F$25)*1,0))} -> S_VAV01 | V57: GCD450 | W57: 87567200 | Y57: 물가자료25년10월호856Page | Z57: TRUE
B58: =D58&"_"&F58&"_"&H58&"_"&I58 -> M_VAV0201_VM_HD_VALVE_2300_10 | C58: 전동식(1상식) 버터플라이 밸브 | D58: {=INDEX(기계코드!$D$4:$D$1022,MATCH(1,(C58=기계코드!$F$4:$F$1022)*1,0))} -> M_VAV0201 | E58: 현대밸브 | F58: {=INDEX(공급업체코드!$B$3:$B$1000,MATCH(1,(E58=공급업체코드!$D$3:$D$1000)*1,0))} -> VM_HD_VALVE | H58: 2300 | I58: 10 | J58: 5.5 | K58: S_SYS04 | L58: 380 | M58: 0.917 | N58: 0.9 | O58: 10 | P58: 0.123 | Q58: EA | S58: 일반 | T58: 고무 시트(EPDM) | U58: {=INDEX(기자재코드!$D$4:$D$25,MATCH(1,(T58=기자재코드!$F$4:$F$25)*1,0))} -> S_VAV01 | V58: GCD450 | W58: 93167200 | Y58: 물가자료25년10월호856Page | Z58: TRUE
B59: =D59&"_"&F59&"_"&H59&"_"&I59 -> M_VAV0201_VM_HD_VALVE_2400_10 | C59: 전동식(1상식) 버터플라이 밸브 | D59: {=INDEX(기계코드!$D$4:$D$1022,MATCH(1,(C59=기계코드!$F$4:$F$1022)*1,0))} -> M_VAV0201 | E59: 현대밸브 | F59: {=INDEX(공급업체코드!$B$3:$B$1000,MATCH(1,(E59=공급업체코드!$D$3:$D$1000)*1,0))} -> VM_HD_VALVE | H59: 2400 | I59: 10 | J59: 5.5 | K59: S_SYS04 | L59: 380 | M59: 0.917 | N59: 0.9 | O59: 10 | P59: 0.123 | Q59: EA | S59: 일반 | T59: 고무 시트(EPDM) | U59: {=INDEX(기자재코드!$D$4:$D$25,MATCH(1,(T59=기자재코드!$F$4:$F$25)*1,0))} -> S_VAV01 | V59: GCD450 | W59: 101572800 | Y59: 물가자료25년10월호856Page | Z59: TRUE
B60: =D60&"_"&F60&"_"&H60&"_"&I60 -> M_VAV0202_VM_HD_VALVE_200_10 | C60: 전동식(2상식) 버터플라이 밸브 | D60: {=INDEX(기계코드!$D$4:$D$1022,MATCH(1,(C60=기계코드!$F$4:$F$1022)*1,0))} -> M_VAV0202 | E60: 현대밸브 | F60: {=INDEX(공급업체코드!$B$3:$B$1000,MATCH(1,(E60=공급업체코드!$D$3:$D$1000)*1,0))} -> VM_HD_VALVE | H60: 200 | I60: 10 | J60: 0.4 | K60: S_SYS04 | L60: 380 | M60: 0.65 | N60: 0.9 | O60: 10 | P60: 0.123 | Q60: EA | R60: 31 | S60: 일반 | T60: 고무 시트(EPDM) | U60: {=INDEX(기자재코드!$D$4:$D$25,MATCH(1,(T60=기자재코드!$F$4:$F$25)*1,0))} -> S_VAV01 | V60: GCD450 | W60: 11124400 | Y60: 물가자료26년3월호854Page | Z60: TRUE
B61: =D61&"_"&F61&"_"&H61&"_"&I61 -> M_VAV0202_VM_HD_VALVE_250_10 | C61: 전동식(2상식) 버터플라이 밸브 | D61: {=INDEX(기계코드!$D$4:$D$1022,MATCH(1,(C61=기계코드!$F$4:$F$1022)*1,0))} -> M_VAV0202 | E61: 현대밸브 | F61: {=INDEX(공급업체코드!$B$3:$B$1000,MATCH(1,(E61=공급업체코드!$D$3:$D$1000)*1,0))} -> VM_HD_VALVE | H61: 250 | I61: 10 | J61: 0.4 | K61: S_SYS04 | L61: 380 | M61: 0.65 | N61: 0.9 | O61: 10 | P61: 0.123 | Q61: EA | R61: 32 | S61: 일반 | T61: 고무 시트(EPDM) | U61: {=INDEX(기자재코드!$D$4:$D$25,MATCH(1,(T61=기자재코드!$F$4:$F$25)*1,0))} -> S_VAV01 | V61: GCD450 | W61: 11390400 | Y61: 물가자료26년3월호854Page | Z61: TRUE
B62: =D62&"_"&F62&"_"&H62&"_"&I62 -> M_VAV0202_VM_HD_VALVE_300_10 | C62: 전동식(2상식) 버터플라이 밸브 | D62: {=INDEX(기계코드!$D$4:$D$1022,MATCH(1,(C62=기계코드!$F$4:$F$1022)*1,0))} -> M_VAV0202 | E62: 현대밸브 | F62: {=INDEX(공급업체코드!$B$3:$B$1000,MATCH(1,(E62=공급업체코드!$D$3:$D$1000)*1,0))} -> VM_HD_VALVE | H62: 300 | I62: 10 | J62: 0.4 | K62: S_SYS04 | L62: 380 | M62: 0.65 | N62: 0.9 | O62: 10 | P62: 0.123 | Q62: EA | R62: 33 | S62: 일반 | T62: 고무 시트(EPDM) | U62: {=INDEX(기자재코드!$D$4:$D$25,MATCH(1,(T62=기자재코드!$F$4:$F$25)*1,0))} -> S_VAV01 | V62: GCD450 | W62: 12091800 | Y62: 물가자료26년3월호854Page | Z62: TRUE
B63: =D63&"_"&F63&"_"&H63&"_"&I63 -> M_VAV0202_VM_HD_VALVE_350_10 | C63: 전동식(2상식) 버터플라이 밸브 | D63: {=INDEX(기계코드!$D$4:$D$1022,MATCH(1,(C63=기계코드!$F$4:$F$1022)*1,0))} -> M_VAV0202 | E63: 현대밸브 | F63: {=INDEX(공급업체코드!$B$3:$B$1000,MATCH(1,(E63=공급업체코드!$D$3:$D$1000)*1,0))} -> VM_HD_VALVE | H63: 350 | I63: 10 | J63: 0.75 | K63: S_SYS04 | L63: 380 | M63: 0.835 | N63: 0.9 | O63: 10 | P63: 0.123 | Q63: EA | R63: 34 | S63: 일반 | T63: 고무 시트(EPDM) | U63: {=INDEX(기자재코드!$D$4:$D$25,MATCH(1,(T63=기자재코드!$F$4:$F$25)*1,0))} -> S_VAV01 | V63: GCD450 | W63: 12846400 | Y63: 물가자료26년3월호854Page | Z63: TRUE
B64: =D64&"_"&F64&"_"&H64&"_"&I64 -> M_VAV0202_VM_HD_VALVE_400_10 | C64: 전동식(2상식) 버터플라이 밸브 | D64: {=INDEX(기계코드!$D$4:$D$1022,MATCH(1,(C64=기계코드!$F$4:$F$1022)*1,0))} -> M_VAV0202 | E64: 현대밸브 | F64: {=INDEX(공급업체코드!$B$3:$B$1000,MATCH(1,(E64=공급업체코드!$D$3:$D$1000)*1,0))} -> VM_HD_VALVE | H64: 400 | I64: 10 | J64: 0.75 | K64: S_SYS04 | L64: 380 | M64: 0.835 | N64: 0.9 | O64: 10 | P64: 0.123 | Q64: EA | R64: 35 | S64: 일반 | T64: 고무 시트(EPDM) | U64: {=INDEX(기자재코드!$D$4:$D$25,MATCH(1,(T64=기자재코드!$F$4:$F$25)*1,0))} -> S_VAV01 | V64: GCD450 | W64: 12062400 | Y64: 물가자료26년3월호854Page | Z64: TRUE
B65: =D65&"_"&F65&"_"&H65&"_"&I65 -> M_VAV0202_VM_HD_VALVE_450_10 | C65: 전동식(2상식) 버터플라이 밸브 | D65: {=INDEX(기계코드!$D$4:$D$1022,MATCH(1,(C65=기계코드!$F$4:$F$1022)*1,0))} -> M_VAV0202 | E65: 현대밸브 | F65: {=INDEX(공급업체코드!$B$3:$B$1000,MATCH(1,(E65=공급업체코드!$D$3:$D$1000)*1,0))} -> VM_HD_VALVE | H65: 450 | I65: 10 | J65: 0.75 | K65: S_SYS04 | L65: 380 | M65: 0.835 | N65: 0.9 | O65: 10 | P65: 0.123 | Q65: EA | R65: 36 | S65: 일반 | T65: 고무 시트(EPDM) | U65: {=INDEX(기자재코드!$D$4:$D$25,MATCH(1,(T65=기자재코드!$F$4:$F$25)*1,0))} -> S_VAV01 | V65: GCD450 | W65: 15414000 | Y65: 물가자료26년3월호854Page | Z65: TRUE
B66: =D66&"_"&F66&"_"&H66&"_"&I66 -> M_VAV0202_VM_HD_VALVE_500_10 | C66: 전동식(2상식) 버터플라이 밸브 | D66: {=INDEX(기계코드!$D$4:$D$1022,MATCH(1,(C66=기계코드!$F$4:$F$1022)*1,0))} -> M_VAV0202 | E66: 현대밸브 | F66: {=INDEX(공급업체코드!$B$3:$B$1000,MATCH(1,(E66=공급업체코드!$D$3:$D$1000)*1,0))} -> VM_HD_VALVE | H66: 500 | I66: 10 | J66: 0.75 | K66: S_SYS04 | L66: 380 | M66: 0.835 | N66: 0.9 | O66: 10 | P66: 0.123 | Q66: EA | R66: 37 | S66: 일반 | T66: 고무 시트(EPDM) | U66: {=INDEX(기자재코드!$D$4:$D$25,MATCH(1,(T66=기자재코드!$F$4:$F$25)*1,0))} -> S_VAV01 | V66: GCD450 | W66: 15750000 | Y66: 물가자료26년3월호854Page | Z66: TRUE
B67: =D67&"_"&F67&"_"&H67&"_"&I67 -> M_VAV0202_VM_HD_VALVE_600_10 | C67: 전동식(2상식) 버터플라이 밸브 | D67: {=INDEX(기계코드!$D$4:$D$1022,MATCH(1,(C67=기계코드!$F$4:$F$1022)*1,0))} -> M_VAV0202 | E67: 현대밸브 | F67: {=INDEX(공급업체코드!$B$3:$B$1000,MATCH(1,(E67=공급업체코드!$D$3:$D$1000)*1,0))} -> VM_HD_VALVE | H67: 600 | I67: 10 | J67: 0.75 | K67: S_SYS04 | L67: 380 | M67: 0.835 | N67: 0.9 | O67: 10 | P67: 0.123 | Q67: EA | R67: 38 | S67: 일반 | T67: 고무 시트(EPDM) | U67: {=INDEX(기자재코드!$D$4:$D$25,MATCH(1,(T67=기자재코드!$F$4:$F$25)*1,0))} -> S_VAV01 | V67: GCD450 | W67: 18508000 | Y67: 물가자료26년3월호854Page | Z67: TRUE
B68: =D68&"_"&F68&"_"&H68&"_"&I68 -> M_VAV0202_VM_HD_VALVE_700_10 | C68: 전동식(2상식) 버터플라이 밸브 | D68: {=INDEX(기계코드!$D$4:$D$1022,MATCH(1,(C68=기계코드!$F$4:$F$1022)*1,0))} -> M_VAV0202 | E68: 현대밸브 | F68: {=INDEX(공급업체코드!$B$3:$B$1000,MATCH(1,(E68=공급업체코드!$D$3:$D$1000)*1,0))} -> VM_HD_VALVE | H68: 700 | I68: 10 | J68: 0.75 | K68: S_SYS04 | L68: 380 | M68: 0.835 | N68: 0.9 | O68: 10 | P68: 0.123 | Q68: EA | S68: 일반 | T68: 고무 시트(EPDM) | U68: {=INDEX(기자재코드!$D$4:$D$25,MATCH(1,(T68=기자재코드!$F$4:$F$25)*1,0))} -> S_VAV01 | V68: GCD450 | W68: 20356000 | Y68: 물가자료26년3월호854Page | Z68: TRUE
B69: =D69&"_"&F69&"_"&H69&"_"&I69 -> M_VAV0202_VM_HD_VALVE_800_10 | C69: 전동식(2상식) 버터플라이 밸브 | D69: {=INDEX(기계코드!$D$4:$D$1022,MATCH(1,(C69=기계코드!$F$4:$F$1022)*1,0))} -> M_VAV0202 | E69: 현대밸브 | F69: {=INDEX(공급업체코드!$B$3:$B$1000,MATCH(1,(E69=공급업체코드!$D$3:$D$1000)*1,0))} -> VM_HD_VALVE | H69: 800 | I69: 10 | J69: 1.5 | K69: S_SYS04 | L69: 380 | M69: 0.865 | N69: 0.9 | O69: 10 | P69: 0.123 | Q69: EA | S69: 일반 | T69: 고무 시트(EPDM) | U69: {=INDEX(기자재코드!$D$4:$D$25,MATCH(1,(T69=기자재코드!$F$4:$F$25)*1,0))} -> S_VAV01 | V69: GCD450 | W69: 23324000 | Y69: 물가자료26년3월호854Page | Z69: TRUE
B70: =D70&"_"&F70&"_"&H70&"_"&I70 -> M_VAV0202_VM_HD_VALVE_900_10 | C70: 전동식(2상식) 버터플라이 밸브 | D70: {=INDEX(기계코드!$D$4:$D$1022,MATCH(1,(C70=기계코드!$F$4:$F$1022)*1,0))} -> M_VAV0202 | E70: 현대밸브 | F70: {=INDEX(공급업체코드!$B$3:$B$1000,MATCH(1,(E70=공급업체코드!$D$3:$D$1000)*1,0))} -> VM_HD_VALVE | H70: 900 | I70: 10 | J70: 1.5 | K70: S_SYS04 | L70: 380 | M70: 0.865 | N70: 0.9 | O70: 10 | P70: 0.123 | Q70: EA | S70: 일반 | T70: 고무 시트(EPDM) | U70: {=INDEX(기자재코드!$D$4:$D$25,MATCH(1,(T70=기자재코드!$F$4:$F$25)*1,0))} -> S_VAV01 | V70: GCD450 | W70: 29106000 | Y70: 물가자료26년3월호854Page | Z70: TRUE
B71: =D71&"_"&F71&"_"&H71&"_"&I71 -> M_VAV0202_VM_HD_VALVE_1000_10 | C71: 전동식(2상식) 버터플라이 밸브 | D71: {=INDEX(기계코드!$D$4:$D$1022,MATCH(1,(C71=기계코드!$F$4:$F$1022)*1,0))} -> M_VAV0202 | E71: 현대밸브 | F71: {=INDEX(공급업체코드!$B$3:$B$1000,MATCH(1,(E71=공급업체코드!$D$3:$D$1000)*1,0))} -> VM_HD_VALVE | H71: 1000 | I71: 10 | J71: 2.2 | K71: S_SYS04 | L71: 380 | M71: 0.895 | N71: 0.9 | O71: 10 | P71: 0.123 | Q71: EA | S71: 일반 | T71: 고무 시트(EPDM) | U71: {=INDEX(기자재코드!$D$4:$D$25,MATCH(1,(T71=기자재코드!$F$4:$F$25)*1,0))} -> S_VAV01 | V71: GCD450 | W71: 30366000 | Y71: 물가자료26년3월호854Page | Z71: TRUE
B72: =D72&"_"&F72&"_"&H72&"_"&I72 -> M_VAV0202_VM_HD_VALVE_1100_10 | C72: 전동식(2상식) 버터플라이 밸브 | D72: {=INDEX(기계코드!$D$4:$D$1022,MATCH(1,(C72=기계코드!$F$4:$F$1022)*1,0))} -> M_VAV0202 | E72: 현대밸브 | F72: {=INDEX(공급업체코드!$B$3:$B$1000,MATCH(1,(E72=공급업체코드!$D$3:$D$1000)*1,0))} -> VM_HD_VALVE | H72: 1100 | I72: 10 | J72: 2.2 | K72: S_SYS04 | L72: 380 | M72: 0.895 | N72: 0.9 | O72: 10 | P72: 0.123 | Q72: EA | S72: 일반 | T72: 고무 시트(EPDM) | U72: {=INDEX(기자재코드!$D$4:$D$25,MATCH(1,(T72=기자재코드!$F$4:$F$25)*1,0))} -> S_VAV01 | V72: GCD450 | W72: 41342000 | Y72: 물가자료26년3월호854Page | Z72: TRUE
B73: =D73&"_"&F73&"_"&H73&"_"&I73 -> M_VAV0202_VM_HD_VALVE_1200_10 | C73: 전동식(2상식) 버터플라이 밸브 | D73: {=INDEX(기계코드!$D$4:$D$1022,MATCH(1,(C73=기계코드!$F$4:$F$1022)*1,0))} -> M_VAV0202 | E73: 현대밸브 | F73: {=INDEX(공급업체코드!$B$3:$B$1000,MATCH(1,(E73=공급업체코드!$D$3:$D$1000)*1,0))} -> VM_HD_VALVE | H73: 1200 | I73: 10 | J73: 3.7 | K73: S_SYS04 | L73: 380 | M73: 0.895 | N73: 0.9 | O73: 10 | P73: 0.123 | Q73: EA | S73: 일반 | T73: 고무 시트(EPDM) | U73: {=INDEX(기자재코드!$D$4:$D$25,MATCH(1,(T73=기자재코드!$F$4:$F$25)*1,0))} -> S_VAV01 | V73: GCD450 | W73: 44450000 | Y73: 물가자료26년3월호854Page | Z73: TRUE
B74: =D74&"_"&F74&"_"&H74&"_"&I74 -> M_VAV0202_VM_HD_VALVE_1350_10 | C74: 전동식(2상식) 버터플라이 밸브 | D74: {=INDEX(기계코드!$D$4:$D$1022,MATCH(1,(C74=기계코드!$F$4:$F$1022)*1,0))} -> M_VAV0202 | E74: 현대밸브 | F74: {=INDEX(공급업체코드!$B$3:$B$1000,MATCH(1,(E74=공급업체코드!$D$3:$D$1000)*1,0))} -> VM_HD_VALVE | H74: 1350 | I74: 10 | J74: 3.7 | K74: S_SYS04 | L74: 380 | M74: 0.895 | N74: 0.9 | O74: 10 | P74: 0.123 | Q74: EA | S74: 일반 | T74: 고무 시트(EPDM) | U74: {=INDEX(기자재코드!$D$4:$D$25,MATCH(1,(T74=기자재코드!$F$4:$F$25)*1,0))} -> S_VAV01 | V74: GCD450 | W74: 55846000 | Y74: 물가자료26년3월호854Page | Z74: TRUE
B75: =D75&"_"&F75&"_"&H75&"_"&I75 -> M_VAV0202_VM_HD_VALVE_1500_10 | C75: 전동식(2상식) 버터플라이 밸브 | D75: {=INDEX(기계코드!$D$4:$D$1022,MATCH(1,(C75=기계코드!$F$4:$F$1022)*1,0))} -> M_VAV0202 | E75: 현대밸브 | F75: {=INDEX(공급업체코드!$B$3:$B$1000,MATCH(1,(E75=공급업체코드!$D$3:$D$1000)*1,0))} -> VM_HD_VALVE | H75: 1500 | I75: 10 | J75: 3.7 | K75: S_SYS04 | L75: 380 | M75: 0.895 | N75: 0.9 | O75: 10 | P75: 0.123 | Q75: EA | S75: 일반 | T75: 고무 시트(EPDM) | U75: {=INDEX(기자재코드!$D$4:$D$25,MATCH(1,(T75=기자재코드!$F$4:$F$25)*1,0))} -> S_VAV01 | V75: GCD450 | W75: 65548000 | Y75: 물가자료26년3월호854Page | Z75: TRUE
A76: 공압식 버터플라이밸브 (싱글), 40A | B76: =D76&"_"&F76&"_"&H76&"_"&I76 -> M_VAV0205_VM_0000_40_10 | C76: 공압식 버터플라이 컨트롤밸브 | D76: {=INDEX(기계코드!$D$4:$D$1022,MATCH(1,(C76=기계코드!$F$4:$F$1022)*1,0))} -> M_VAV0205 | E76: 미지정업체 | F76: {=INDEX(공급업체코드!$B$3:$B$1000,MATCH(1,(E76=공급업체코드!$D$3:$D$1000)*1,0))} -> VM_0000 | H76: 40 | I76: 10 | P76: 0.123 | Q76: EA | S76: 일반 | V76: GCD450 | W76: 999 | Y76: 견적 필요 | Z76: FALSE
A77: 공압식 버터플라이밸브 (싱글), 50A | B77: =D77&"_"&F77&"_"&H77&"_"&I77 -> M_VAV0205_VM_0000_50_10 | C77: 공압식 버터플라이 컨트롤밸브 | D77: {=INDEX(기계코드!$D$4:$D$1022,MATCH(1,(C77=기계코드!$F$4:$F$1022)*1,0))} -> M_VAV0205 | E77: 미지정업체 | F77: {=INDEX(공급업체코드!$B$3:$B$1000,MATCH(1,(E77=공급업체코드!$D$3:$D$1000)*1,0))} -> VM_0000 | H77: 50 | I77: 10 | P77: 0.123 | Q77: EA | S77: 일반 | V77: GCD450 | W77: 999 | Y77: 견적 필요 | Z77: FALSE
A78: 공압식 버터플라이밸브 (싱글), 65A | B78: =D78&"_"&F78&"_"&H78&"_"&I78 -> M_VAV0205_VM_0000_65_10 | C78: 공압식 버터플라이 컨트롤밸브 | D78: {=INDEX(기계코드!$D$4:$D$1022,MATCH(1,(C78=기계코드!$F$4:$F$1022)*1,0))} -> M_VAV0205 | E78: 미지정업체 | F78: {=INDEX(공급업체코드!$B$3:$B$1000,MATCH(1,(E78=공급업체코드!$D$3:$D$1000)*1,0))} -> VM_0000 | H78: 65 | I78: 10 | P78: 0.123 | Q78: EA | S78: 일반 | V78: GCD450 | W78: 999 | Y78: 견적 필요 | Z78: FALSE
A79: 공압식 버터플라이밸브 (싱글), 80A | B79: =D79&"_"&F79&"_"&H79&"_"&I79 -> M_VAV0205_VM_0000_80_10 | C79: 공압식 버터플라이 컨트롤밸브 | D79: {=INDEX(기계코드!$D$4:$D$1022,MATCH(1,(C79=기계코드!$F$4:$F$1022)*1,0))} -> M_VAV0205 | E79: 미지정업체 | F79: {=INDEX(공급업체코드!$B$3:$B$1000,MATCH(1,(E79=공급업체코드!$D$3:$D$1000)*1,0))} -> VM_0000 | H79: 80 | I79: 10 | P79: 0.123 | Q79: EA | S79: 일반 | V79: GCD450 | W79: 999 | Y79: 견적 필요 | Z79: FALSE
A80: 공압식 버터플라이밸브 (싱글), 100A | B80: =D80&"_"&F80&"_"&H80&"_"&I80 -> M_VAV0205_VM_0000_100_10 | C80: 공압식 버터플라이 컨트롤밸브 | D80: {=INDEX(기계코드!$D$4:$D$1022,MATCH(1,(C80=기계코드!$F$4:$F$1022)*1,0))} -> M_VAV0205 | E80: 미지정업체 | F80: {=INDEX(공급업체코드!$B$3:$B$1000,MATCH(1,(E80=공급업체코드!$D$3:$D$1000)*1,0))} -> VM_0000 | H80: 100 | I80: 10 | P80: 0.123 | Q80: EA | S80: 일반 | V80: GCD450 | W80: 999 | Y80: 견적 필요 | Z80: FALSE
A81: 공압식 버터플라이밸브 (싱글), 125A | B81: =D81&"_"&F81&"_"&H81&"_"&I81 -> M_VAV0205_VM_0000_125_10 | C81: 공압식 버터플라이 컨트롤밸브 | D81: {=INDEX(기계코드!$D$4:$D$1022,MATCH(1,(C81=기계코드!$F$4:$F$1022)*1,0))} -> M_VAV0205 | E81: 미지정업체 | F81: {=INDEX(공급업체코드!$B$3:$B$1000,MATCH(1,(E81=공급업체코드!$D$3:$D$1000)*1,0))} -> VM_0000 | H81: 125 | I81: 10 | P81: 0.123 | Q81: EA | S81: 일반 | V81: GCD450 | W81: 999 | Y81: 견적 필요 | Z81: FALSE
A82: 공압식 버터플라이밸브 (싱글), 150A | B82: =D82&"_"&F82&"_"&H82&"_"&I82 -> M_VAV0205_VM_0000_150_10 | C82: 공압식 버터플라이 컨트롤밸브 | D82: {=INDEX(기계코드!$D$4:$D$1022,MATCH(1,(C82=기계코드!$F$4:$F$1022)*1,0))} -> M_VAV0205 | E82: 미지정업체 | F82: {=INDEX(공급업체코드!$B$3:$B$1000,MATCH(1,(E82=공급업체코드!$D$3:$D$1000)*1,0))} -> VM_0000 | H82: 150 | I82: 10 | P82: 0.123 | Q82: EA | S82: 일반 | V82: GCD450 | W82: 999 | Y82: 견적 필요 | Z82: FALSE
A83: 공압식 버터플라이밸브 (싱글), 200A | B83: =D83&"_"&F83&"_"&H83&"_"&I83 -> M_VAV0205_VM_0000_200_10 | C83: 공압식 버터플라이 컨트롤밸브 | D83: {=INDEX(기계코드!$D$4:$D$1022,MATCH(1,(C83=기계코드!$F$4:$F$1022)*1,0))} -> M_VAV0205 | E83: 미지정업체 | F83: {=INDEX(공급업체코드!$B$3:$B$1000,MATCH(1,(E83=공급업체코드!$D$3:$D$1000)*1,0))} -> VM_0000 | H83: 200 | I83: 10 | P83: 0.123 | Q83: EA | S83: 일반 | V83: GCD450 | W83: 999 | Y83: 견적 필요 | Z83: FALSE
A84: 공압식 버터플라이밸브 (싱글), 250A | B84: =D84&"_"&F84&"_"&H84&"_"&I84 -> M_VAV0205_VM_0000_250_10 | C84: 공압식 버터플라이 컨트롤밸브 | D84: {=INDEX(기계코드!$D$4:$D$1022,MATCH(1,(C84=기계코드!$F$4:$F$1022)*1,0))} -> M_VAV0205 | E84: 미지정업체 | F84: {=INDEX(공급업체코드!$B$3:$B$1000,MATCH(1,(E84=공급업체코드!$D$3:$D$1000)*1,0))} -> VM_0000 | H84: 250 | I84: 10 | P84: 0.123 | Q84: EA | S84: 일반 | V84: GCD450 | W84: 999 | Y84: 견적 필요 | Z84: FALSE
A85: 공압식 버터플라이밸브 (싱글), 300A | B85: =D85&"_"&F85&"_"&H85&"_"&I85 -> M_VAV0205_VM_0000_300_10 | C85: 공압식 버터플라이 컨트롤밸브 | D85: {=INDEX(기계코드!$D$4:$D$1022,MATCH(1,(C85=기계코드!$F$4:$F$1022)*1,0))} -> M_VAV0205 | E85: 미지정업체 | F85: {=INDEX(공급업체코드!$B$3:$B$1000,MATCH(1,(E85=공급업체코드!$D$3:$D$1000)*1,0))} -> VM_0000 | H85: 300 | I85: 10 | P85: 0.123 | Q85: EA | S85: 일반 | V85: GCD450 | W85: 999 | Y85: 견적 필요 | Z85: FALSE
A86: 공압식 버터플라이밸브 (싱글), 350A | B86: =D86&"_"&F86&"_"&H86&"_"&I86 -> M_VAV0205_VM_0000_350_10 | C86: 공압식 버터플라이 컨트롤밸브 | D86: {=INDEX(기계코드!$D$4:$D$1022,MATCH(1,(C86=기계코드!$F$4:$F$1022)*1,0))} -> M_VAV0205 | E86: 미지정업체 | F86: {=INDEX(공급업체코드!$B$3:$B$1000,MATCH(1,(E86=공급업체코드!$D$3:$D$1000)*1,0))} -> VM_0000 | H86: 350 | I86: 10 | P86: 0.123 | Q86: EA | S86: 일반 | V86: GCD450 | W86: 999 | Y86: 견적 필요 | Z86: FALSE
A87: 공압식 버터플라이밸브 (싱글), 400A | B87: =D87&"_"&F87&"_"&H87&"_"&I87 -> M_VAV0205_VM_0000_400_10 | C87: 공압식 버터플라이 컨트롤밸브 | D87: {=INDEX(기계코드!$D$4:$D$1022,MATCH(1,(C87=기계코드!$F$4:$F$1022)*1,0))} -> M_VAV0205 | E87: 미지정업체 | F87: {=INDEX(공급업체코드!$B$3:$B$1000,MATCH(1,(E87=공급업체코드!$D$3:$D$1000)*1,0))} -> VM_0000 | H87: 400 | I87: 10 | P87: 0.123 | Q87: EA | S87: 일반 | V87: GCD450 | W87: 999 | Y87: 견적 필요 | Z87: FALSE
... A89: 공압식 버터플라이밸브 (싱글), 500A | B89: =D89&"_"&F89&"_"&H89&"_"&I89 -> M_VAV0205_VM_0000_500_10 | C89: 공압식 버터플라이 컨트롤밸브 | D89: {=INDEX(기계코드!$D$4:$D$1022,MATCH(1,(C89=기계코드!$F$4:$F$1022)*1,0))} -> M_VAV0205 | E89: 미지정업체 | F89: {=INDEX(공급업체코드!$B$3:$B$1000,MATCH(1,(E89=공급업체코드!$D$3:$D$1000)*1,0))} -> VM_0000 | H89: 500 | I89: 10 | P89: 0.123 | Q89: EA | S89: 일반 | V89: GCD450 | W89: 999 | Y89: 견적 필요 | Z89: FALSE
B90: =D90&"_"&F90&"_"&H90&"_"&I90 -> M_VAV0205_VM_0000_550_10 | C90: 공압식 버터플라이 컨트롤밸브 | D90: {=INDEX(기계코드!$D$4:$D$1022,MATCH(1,(C90=기계코드!$F$4:$F$1022)*1,0))} -> M_VAV0205 | E90: 미지정업체 | F90: {=INDEX(공급업체코드!$B$3:$B$1000,MATCH(1,(E90=공급업체코드!$D$3:$D$1000)*1,0))} -> VM_0000 | H90: 550 | I90: 10 | P90: 0.123 | Q90: EA | S90: 일반 | V90: GCD450 | W90: 999 | Y90: 견적 필요 | Z90: FALSE
A91: 공압식 버터플라이밸브 (싱글), 600A | B91: =D91&"_"&F91&"_"&H91&"_"&I91 -> M_VAV0205_VM_0000_600_10 | C91: 공압식 버터플라이 컨트롤밸브 | D91: {=INDEX(기계코드!$D$4:$D$1022,MATCH(1,(C91=기계코드!$F$4:$F$1022)*1,0))} -> M_VAV0205 | E91: 미지정업체 | F91: {=INDEX(공급업체코드!$B$3:$B$1000,MATCH(1,(E91=공급업체코드!$D$3:$D$1000)*1,0))} -> VM_0000 | H91: 600 | I91: 10 | P91: 0.123 | Q91: EA | S91: 일반 | V91: GCD450 | W91: 999 | Y91: 견적 필요 | Z91: FALSE
B93: =D93&"_"&F93&"_"&H93&"_"&I93 -> M_VAV0101_VM_HD_VALVE_50_10 | C93: 전동식(1상식) 게이트 밸브(슬루스 밸브) | D93: {=INDEX(기계코드!$D$4:$D$1022,MATCH(1,(C93=기계코드!$F$4:$F$1022)*1,0))} -> M_VAV0101 | E93: 현대밸브 | F93: {=INDEX(공급업체코드!$B$3:$B$1000,MATCH(1,(E93=공급업체코드!$D$3:$D$1000)*1,0))} -> VM_HD_VALVE | H93: 50 | I93: 10 | J93: 0.4 | K93: S_SYS04 | L93: 380 | M93: 0.65 | N93: 0.9 | O93: 10 | P93: 73 | Q93: EA | R93: 26 | S93: 일반 | T93: 고무 시트(EPDM) | U93: {=INDEX(기자재코드!$D$4:$D$25,MATCH(1,(T93=기자재코드!$F$4:$F$25)*1,0))} -> S_VAV01 | V93: GCD450 | W93: 6580000 | Y93: 물가자료26년4월호856Page | Z93: TRUE
B94: =D94&"_"&F94&"_"&H94&"_"&I94 -> M_VAV0101_VM_HD_VALVE_80_10 | C94: 전동식(1상식) 게이트 밸브(슬루스 밸브) | D94: {=INDEX(기계코드!$D$4:$D$1022,MATCH(1,(C94=기계코드!$F$4:$F$1022)*1,0))} -> M_VAV0101 | E94: 현대밸브 | F94: {=INDEX(공급업체코드!$B$3:$B$1000,MATCH(1,(E94=공급업체코드!$D$3:$D$1000)*1,0))} -> VM_HD_VALVE | H94: 80 | I94: 10 | J94: 0.4 | K94: S_SYS04 | L94: 380 | M94: 0.65 | N94: 0.9 | O94: 10 | P94: 80 | Q94: EA | R94: 27 | S94: 일반 | T94: 고무 시트(EPDM) | U94: {=INDEX(기자재코드!$D$4:$D$25,MATCH(1,(T94=기자재코드!$F$4:$F$25)*1,0))} -> S_VAV01 | V94: GCD450 | W94: 6972000 | Y94: 물가자료26년4월호856Page | Z94: TRUE
B95: =D95&"_"&F95&"_"&H95&"_"&I95 -> M_VAV0101_VM_HD_VALVE_100_10 | C95: 전동식(1상식) 게이트 밸브(슬루스 밸브) | D95: {=INDEX(기계코드!$D$4:$D$1022,MATCH(1,(C95=기계코드!$F$4:$F$1022)*1,0))} -> M_VAV0101 | E95: 현대밸브 | F95: {=INDEX(공급업체코드!$B$3:$B$1000,MATCH(1,(E95=공급업체코드!$D$3:$D$1000)*1,0))} -> VM_HD_VALVE | H95: 100 | I95: 10 | J95: 0.4 | K95: S_SYS04 | L95: 380 | M95: 0.65 | N95: 0.9 | O95: 10 | P95: 90 | Q95: EA | R95: 28 | S95: 일반 | T95: 고무 시트(EPDM) | U95: {=INDEX(기자재코드!$D$4:$D$25,MATCH(1,(T95=기자재코드!$F$4:$F$25)*1,0))} -> S_VAV01 | V95: GCD450 | W95: 7000000 | Y95: 물가자료26년4월호856Page | Z95: TRUE
B96: =D96&"_"&F96&"_"&H96&"_"&I96 -> M_VAV0101_VM_HD_VALVE_125_10 | C96: 전동식(1상식) 게이트 밸브(슬루스 밸브) | D96: {=INDEX(기계코드!$D$4:$D$1022,MATCH(1,(C96=기계코드!$F$4:$F$1022)*1,0))} -> M_VAV0101 | E96: 현대밸브 | F96: {=INDEX(공급업체코드!$B$3:$B$1000,MATCH(1,(E96=공급업체코드!$D$3:$D$1000)*1,0))} -> VM_HD_VALVE | H96: 125 | I96: 10 | J96: 0.4 | K96: S_SYS04 | L96: 380 | M96: 0.65 | N96: 0.9 | O96: 10 | P96: 110 | Q96: EA | R96: 29 | S96: 일반 | T96: 고무 시트(EPDM) | U96: {=INDEX(기자재코드!$D$4:$D$25,MATCH(1,(T96=기자재코드!$F$4:$F$25)*1,0))} -> S_VAV01 | V96: GCD450 | W96: 7299600 | Y96: 물가자료26년4월호856Page | Z96: TRUE
B97: =D97&"_"&F97&"_"&H97&"_"&I97 -> M_VAV0101_VM_HD_VALVE_150_10 | C97: 전동식(1상식) 게이트 밸브(슬루스 밸브) | D97: {=INDEX(기계코드!$D$4:$D$1022,MATCH(1,(C97=기계코드!$F$4:$F$1022)*1,0))} -> M_VAV0101 | E97: 현대밸브 | F97: {=INDEX(공급업체코드!$B$3:$B$1000,MATCH(1,(E97=공급업체코드!$D$3:$D$1000)*1,0))} -> VM_HD_VALVE | H97: 150 | I97: 10 | J97: 0.4 | K97: S_SYS04 | L97: 380 | M97: 0.65 | N97: 0.9 | O97: 10 | P97: 150 | Q97: EA | R97: 30 | S97: 일반 | T97: 고무 시트(EPDM) | U97: {=INDEX(기자재코드!$D$4:$D$25,MATCH(1,(T97=기자재코드!$F$4:$F$25)*1,0))} -> S_VAV01 | V97: GCD450 | W97: 8069600 | Y97: 물가자료26년4월호856Page | Z97: TRUE
B98: =D98&"_"&F98&"_"&H98&"_"&I98 -> M_VAV0101_VM_HD_VALVE_200_10 | C98: 전동식(1상식) 게이트 밸브(슬루스 밸브) | D98: {=INDEX(기계코드!$D$4:$D$1022,MATCH(1,(C98=기계코드!$F$4:$F$1022)*1,0))} -> M_VAV0101 | E98: 현대밸브 | F98: {=INDEX(공급업체코드!$B$3:$B$1000,MATCH(1,(E98=공급업체코드!$D$3:$D$1000)*1,0))} -> VM_HD_VALVE | H98: 200 | I98: 10 | J98: 0.4 | K98: S_SYS04 | L98: 380 | M98: 0.65 | N98: 0.9 | O98: 10 | P98: 200 | Q98: EA | R98: 31 | S98: 일반 | T98: 고무 시트(EPDM) | U98: {=INDEX(기자재코드!$D$4:$D$25,MATCH(1,(T98=기자재코드!$F$4:$F$25)*1,0))} -> S_VAV01 | V98: GCD450 | W98: 8540000 | Y98: 물가자료26년4월호856Page | Z98: TRUE
B99: =D99&"_"&F99&"_"&H99&"_"&I99 -> M_VAV0101_VM_HD_VALVE_250_10 | C99: 전동식(1상식) 게이트 밸브(슬루스 밸브) | D99: {=INDEX(기계코드!$D$4:$D$1022,MATCH(1,(C99=기계코드!$F$4:$F$1022)*1,0))} -> M_VAV0101 | E99: 현대밸브 | F99: {=INDEX(공급업체코드!$B$3:$B$1000,MATCH(1,(E99=공급업체코드!$D$3:$D$1000)*1,0))} -> VM_HD_VALVE | H99: 250 | I99: 10 | J99: 0.4 | K99: S_SYS04 | L99: 380 | M99: 0.65 | N99: 0.9 | O99: 10 | P99: 285 | Q99: EA | R99: 32 | S99: 일반 | T99: 고무 시트(EPDM) | U99: {=INDEX(기자재코드!$D$4:$D$25,MATCH(1,(T99=기자재코드!$F$4:$F$25)*1,0))} -> S_VAV01 | V99: GCD450 | W99: 9240000 | Y99: 물가자료26년4월호856Page | Z99: TRUE
B100: =D100&"_"&F100&"_"&H100&"_"&I100 -> M_VAV0101_VM_HD_VALVE_300_10 | C100: 전동식(1상식) 게이트 밸브(슬루스 밸브) | D100: {=INDEX(기계코드!$D$4:$D$1022,MATCH(1,(C100=기계코드!$F$4:$F$1022)*1,0))} -> M_VAV0101 | E100: 현대밸브 | F100: {=INDEX(공급업체코드!$B$3:$B$1000,MATCH(1,(E100=공급업체코드!$D$3:$D$1000)*1,0))} -> VM_HD_VALVE | H100: 300 | I100: 10 | J100: 0.4 | K100: S_SYS04 | L100: 380 | M100: 0.65 | N100: 0.9 | O100: 10 | P100: 350 | Q100: EA | R100: 33 | S100: 일반 | T100: 고무 시트(EPDM) | U100: {=INDEX(기자재코드!$D$4:$D$25,MATCH(1,(T100=기자재코드!$F$4:$F$25)*1,0))} -> S_VAV01 | V100: GCD450 | W100: 9800000 | Y100: 물가자료26년4월호856Page | Z100: TRUE
B101: =D101&"_"&F101&"_"&H101&"_"&I101 -> M_VAV0101_VM_HD_VALVE_350_10 | C101: 전동식(1상식) 게이트 밸브(슬루스 밸브) | D101: {=INDEX(기계코드!$D$4:$D$1022,MATCH(1,(C101=기계코드!$F$4:$F$1022)*1,0))} -> M_VAV0101 | E101: 현대밸브 | F101: {=INDEX(공급업체코드!$B$3:$B$1000,MATCH(1,(E101=공급업체코드!$D$3:$D$1000)*1,0))} -> VM_HD_VALVE | H101: 350 | I101: 10 | J101: 0.75 | K101: S_SYS04 | L101: 380 | M101: 0.835 | N101: 0.9 | O101: 10 | P101: 440 | Q101: EA | R101: 34 | S101: 일반 | T101: 고무 시트(EPDM) | U101: {=INDEX(기자재코드!$D$4:$D$25,MATCH(1,(T101=기자재코드!$F$4:$F$25)*1,0))} -> S_VAV01 | V101: GCD450 | W101: 11309200 | Y101: 물가자료26년4월호856Page | Z101: TRUE
B102: =D102&"_"&F102&"_"&H102&"_"&I102 -> M_VAV0101_VM_HD_VALVE_400_10 | C102: 전동식(1상식) 게이트 밸브(슬루스 밸브) | D102: {=INDEX(기계코드!$D$4:$D$1022,MATCH(1,(C102=기계코드!$F$4:$F$1022)*1,0))} -> M_VAV0101 | E102: 현대밸브 | F102: {=INDEX(공급업체코드!$B$3:$B$1000,MATCH(1,(E102=공급업체코드!$D$3:$D$1000)*1,0))} -> VM_HD_VALVE | H102: 400 | I102: 10 | J102: 0.75 | K102: S_SYS04 | L102: 380 | M102: 0.835 | N102: 0.9 | O102: 10 | P102: 605 | Q102: EA | R102: 35 | S102: 일반 | T102: 고무 시트(EPDM) | U102: {=INDEX(기자재코드!$D$4:$D$25,MATCH(1,(T102=기자재코드!$F$4:$F$25)*1,0))} -> S_VAV01 | V102: GCD450 | W102: 12573400 | Y102: 물가자료26년4월호856Page | Z102: TRUE
...

Sheet 패키지부속품
B1: 장비코드 | D1: 장비유형 | F1: 공급업체명 | G1: 모델명 | H1: 관경(mm) | I1: 최대 용량(㎥/min) | J1: 토출압력(mmAq) | K1: 최대 동력(kW) | L1: 동력(kW) | M1: 기동방식 | N1: 정격전압(V) | O1: 효율(%) | P1: 역률(%) | Q1: 수용율(%) | R1: 총중량(kg) | S1: 단위 | T1: 호표(1) | U1: 분류 | V1: 단가(원) | W1: 견적가(원) | X1: 단가출처 | Y1: 사용여부 | Z1: 장비설명 | AA1: 단위시스템코드
B2: equipment_code | C2: 작업용 필드 | D2: equipment_type | E2: 작업용 필드 | F2: vendor_id | G2: model_number | H2: i_diameter_mm | I2: i_max_capacity_m3_min | J2: i_discharge_pressure_mmAq | K2: i_max_power_kW | L2: s_power_kW | M2: s_ctrl_method | N2: s_rated_volt_V | O2: s_efficiency_percent | P2: s_pwr_factor_percent | Q2: s_demand_factor_percent | R2: s_total_wgt_kg | S2: s_unit_NONE | T2: s_primary_item_no_NONE | U2: s_remark_NONE | V2: o_unit_price_KRW | W2: o_invoice_price_KRW | X2: o_price_reference | Y2: is_active | Z2: description | AA2: unit_system_code
A3: 전동식 버터플라이밸브, 32A | B3: =D3&"_"&F3&"_"&H3 -> M_PKA0101_VM_BKT_32 | C3: 전동 버터플라이 밸브 (AGR) | D3: {=INDEX(기계코드!$D$4:$D$1022,MATCH(1,(C3=기계코드!$F$4:$F$1022)*1,0))} -> M_PKA0101 | E3: (주)부강테크 | F3: {=INDEX(공급업체코드!$B$3:$B$1000,MATCH(1,(E3=공급업체코드!$D$3:$D$1000)*1,0))} -> VM_BKT | G3: 전동밸브 AGR(2㎥) | H3: 32 | L3: 0.4 | M3: S_SYS04 | N3: 380 | O3: 0.65 | P3: 0.9 | Q3: 10 | R3: 0.123 | S3: EA | U3: 공법 | V3: 0 | X3: AGR SKID 포함 | Y3: TRUE
A4: 전동식 버터플라이밸브, 80A | B4: =D4&"_"&F4&"_"&H4 -> M_PKA0101_VM_BKT_80 | C4: 전동 버터플라이 밸브 (AGR) | D4: {=INDEX(기계코드!$D$4:$D$1022,MATCH(1,(C4=기계코드!$F$4:$F$1022)*1,0))} -> M_PKA0101 | E4: (주)부강테크 | F4: {=INDEX(공급업체코드!$B$3:$B$1000,MATCH(1,(E4=공급업체코드!$D$3:$D$1000)*1,0))} -> VM_BKT | G4: 전동밸브 AGR(10㎥) | H4: 80 | L4: 0.4 | M4: S_SYS04 | N4: 380 | O4: 0.65 | P4: 0.9 | Q4: 10 | R4: 0.123 | S4: EA | U4: 공법 | V4: 0 | X4: AGR SKID 포함 | Y4: TRUE
A5: 전동식 버터플라이밸브, 100A | B5: =D5&"_"&F5&"_"&H5 -> M_PKA0101_VM_BKT_100 | C5: 전동 버터플라이 밸브 (AGR) | D5: {=INDEX(기계코드!$D$4:$D$1022,MATCH(1,(C5=기계코드!$F$4:$F$1022)*1,0))} -> M_PKA0101 | E5: (주)부강테크 | F5: {=INDEX(공급업체코드!$B$3:$B$1000,MATCH(1,(E5=공급업체코드!$D$3:$D$1000)*1,0))} -> VM_BKT | G5: 전동밸브 AGR(15㎥) | H5: 100 | L5: 0.4 | M5: S_SYS04 | N5: 380 | O5: 0.65 | P5: 0.9 | Q5: 10 | R5: 0.123 | S5: EA | U5: 공법 | V5: 0 | X5: AGR SKID 포함 | Y5: TRUE
A6: 전동식 버터플라이밸브, 150A | B6: =D6&"_"&F6&"_"&H6 -> M_PKA0101_VM_BKT_150 | C6: 전동 버터플라이 밸브 (AGR) | D6: {=INDEX(기계코드!$D$4:$D$1022,MATCH(1,(C6=기계코드!$F$4:$F$1022)*1,0))} -> M_PKA0101 | E6: (주)부강테크 | F6: {=INDEX(공급업체코드!$B$3:$B$1000,MATCH(1,(E6=공급업체코드!$D$3:$D$1000)*1,0))} -> VM_BKT | G6: 전동밸브 AGR(20㎥) | H6: 150 | L6: 0.4 | M6: S_SYS04 | N6: 380 | O6: 0.65 | P6: 0.9 | Q6: 10 | R6: 0.123 | S6: EA | U6: 공법 | V6: 0 | X6: AGR SKID 포함 | Y6: TRUE
A7: SH 40, 스프르트 펌프 | B7: =D7&"_"&F7&"_"&I7 -> M_PKA0102_VM_BKT_0.2 | C7: 스프르트펌프 (AGR) | D7: {=INDEX(기계코드!$D$4:$D$1022,MATCH(1,(C7=기계코드!$F$4:$F$1022)*1,0))} -> M_PKA0102 | E7: (주)부강테크 | F7: {=INDEX(공급업체코드!$B$3:$B$1000,MATCH(1,(E7=공급업체코드!$D$3:$D$1000)*1,0))} -> VM_BKT | G7: 스프르트펌프 AGR(2㎥) | I7: 0.2 | K7: 0.75 | L7: 0.75 | M7: S_SYS01 | N7: 380 | O7: 0.835 | P7: 0.9 | Q7: 80 | R7: 1.5 | S7: EA | U7: 공법 | V7: 0 | X7: AGR SKID 포함 | Y7: TRUE
A8: SH 50, 스프르트 펌프 | B8: =D8&"_"&F8&"_"&I8 -> M_PKA0102_VM_BKT_0.5 | C8: 스프르트펌프 (AGR) | D8: {=INDEX(기계코드!$D$4:$D$1022,MATCH(1,(C8=기계코드!$F$4:$F$1022)*1,0))} -> M_PKA0102 | E8: (주)부강테크 | F8: {=INDEX(공급업체코드!$B$3:$B$1000,MATCH(1,(E8=공급업체코드!$D$3:$D$1000)*1,0))} -> VM_BKT | G8: 스프르트펌프 AGR(10㎥) | I8: 0.5 | K8: 0.75 | L8: 0.75 | M8: S_SYS01 | N8: 380 | O8: 0.835 | P8: 0.9 | Q8: 80 | R8: 7.5 | S8: EA | U8: 공법 | V8: 0 | X8: AGR SKID 포함 | Y8: TRUE
A9: SH 65, 스프르트 펌프 | B9: =D9&"_"&F9&"_"&I9 -> M_PKA0102_VM_BKT_0.8 | C9: 스프르트펌프 (AGR) | D9: {=INDEX(기계코드!$D$4:$D$1022,MATCH(1,(C9=기계코드!$F$4:$F$1022)*1,0))} -> M_PKA0102 | E9: (주)부강테크 | F9: {=INDEX(공급업체코드!$B$3:$B$1000,MATCH(1,(E9=공급업체코드!$D$3:$D$1000)*1,0))} -> VM_BKT | G9: 스프르트펌프 AGR(15㎥) | I9: 0.8 | K9: 1.5 | L9: 1.5 | M9: S_SYS01 | N9: 380 | O9: 0.865 | P9: 0.9 | Q9: 80 | R9: 15 | S9: EA | U9: 공법 | V9: 0 | X9: AGR SKID 포함 | Y9: TRUE
A10: SH 80, 스프르트 펌프 | B10: =D10&"_"&F10&"_"&I10 -> M_PKA0102_VM_BKT_1.3 | C10: 스프르트펌프 (AGR) | D10: {=INDEX(기계코드!$D$4:$D$1022,MATCH(1,(C10=기계코드!$F$4:$F$1022)*1,0))} -> M_PKA0102 | E10: (주)부강테크 | F10: {=INDEX(공급업체코드!$B$3:$B$1000,MATCH(1,(E10=공급업체코드!$D$3:$D$1000)*1,0))} -> VM_BKT | G10: 스프르트펌프 AGR(20㎥) | I10: 1.3 | K10: 1.5 | L10: 1.5 | M10: S_SYS01 | N10: 380 | O10: 0.865 | P10: 0.9 | Q10: 80 | R10: 22 | S10: EA | U10: 공법 | V10: 0 | X10: AGR SKID 포함 | Y10: TRUE
A11: 링블로워, iHG-029 | B11: =D11&"_"&F11&"_"&I11&"_"&J11 -> M_PKA0103_VM_BKT_0.62_500 | C11: 링 블로워 (AGR) | D11: {=INDEX(기계코드!$D$4:$D$1022,MATCH(1,(C11=기계코드!$F$4:$F$1022)*1,0))} -> M_PKA0103 | E11: (주)부강테크 | F11: {=INDEX(공급업체코드!$B$3:$B$1000,MATCH(1,(E11=공급업체코드!$D$3:$D$1000)*1,0))} -> VM_BKT | G11: 링블로워 AGR | I11: 0.62 | J11: 500 | L11: 0.1 | M11: S_SYS01 | N11: 380 | O11: 0.58 | P11: 0.9 | Q11: 80 | R11: 6.2 | S11: EA | U11: 공법 | V11: 0 | X11: AGR SKID 포함 (상세설계 필요) | Y11: TRUE
A12: 링블로워, iHG-129 | B12: =D12&"_"&F12&"_"&I12&"_"&J12 -> M_PKA0103_VM_BKT_1.6_1200 | C12: 링 블로워 (AGR) | D12: {=INDEX(기계코드!$D$4:$D$1022,MATCH(1,(C12=기계코드!$F$4:$F$1022)*1,0))} -> M_PKA0103 | E12: (주)부강테크 | F12: {=INDEX(공급업체코드!$B$3:$B$1000,MATCH(1,(E12=공급업체코드!$D$3:$D$1000)*1,0))} -> VM_BKT | G12: 링블로워 AGR | I12: 1.6 | J12: 1200 | L12: 0.2 | M12: S_SYS01 | N12: 380 | O12: 0.65 | P12: 0.9 | Q12: 80 | R12: 9 | S12: EA | U12: 공법 | V12: 0 | X12: AGR SKID 포함 (상세설계 필요) | Y12: TRUE
A13: 링블로워, iHG-229 | B13: =D13&"_"&F13&"_"&I13&"_"&J13 -> M_PKA0103_VM_BKT_1.6_1600 | C13: 링 블로워 (AGR) | D13: {=INDEX(기계코드!$D$4:$D$1022,MATCH(1,(C13=기계코드!$F$4:$F$1022)*1,0))} -> M_PKA0103 | E13: (주)부강테크 | F13: {=INDEX(공급업체코드!$B$3:$B$1000,MATCH(1,(E13=공급업체코드!$D$3:$D$1000)*1,0))} -> VM_BKT | G13: 링블로워 AGR | I13: 1.6 | J13: 1600 | L13: 0.5 | M13: S_SYS01 | N13: 380 | O13: 0.715 | P13: 0.9 | Q13: 80 | R13: 10 | S13: EA | U13: 공법 | V13: 0 | X13: AGR SKID 포함 (상세설계 필요) | Y13: TRUE
A14: 링블로워, iHG-329 | B14: =D14&"_"&F14&"_"&I14&"_"&J14 -> M_PKA0103_VM_BKT_3_1300 | C14: 링 블로워 (AGR) | D14: {=INDEX(기계코드!$D$4:$D$1022,MATCH(1,(C14=기계코드!$F$4:$F$1022)*1,0))} -> M_PKA0103 | E14: (주)부강테크 | F14: {=INDEX(공급업체코드!$B$3:$B$1000,MATCH(1,(E14=공급업체코드!$D$3:$D$1000)*1,0))} -> VM_BKT | G14: 링블로워 AGR | I14: 3 | J14: 1300 | L14: 0.85 | M14: S_SYS01 | N14: 380 | O14: 0.77 | P14: 0.9 | Q14: 80 | R14: 13 | S14: EA | U14: 공법 | V14: 0 | X14: AGR SKID 포함 (상세설계 필요) | Y14: TRUE
A15: 링블로워, iHG-339 | B15: =D15&"_"&F15&"_"&I15&"_"&J15 -> M_PKA0103_VM_BKT_3_2200 | C15: 링 블로워 (AGR) | D15: {=INDEX(기계코드!$D$4:$D$1022,MATCH(1,(C15=기계코드!$F$4:$F$1022)*1,0))} -> M_PKA0103 | E15: (주)부강테크 | F15: {=INDEX(공급업체코드!$B$3:$B$1000,MATCH(1,(E15=공급업체코드!$D$3:$D$1000)*1,0))} -> VM_BKT | G15: 링블로워 AGR | I15: 3 | J15: 2200 | L15: 1.5 | M15: S_SYS01 | N15: 380 | O15: 0.855 | P15: 0.9 | Q15: 80 | R15: 17 | S15: EA | U15: 공법 | V15: 0 | X15: AGR SKID 포함 (상세설계 필요) | Y15: TRUE
A16: 링블로워, iHG-429 | B16: =D16&"_"&F16&"_"&I16&"_"&J16 -> M_PKA0103_VM_BKT_4.2_2100 | C16: 링 블로워 (AGR) | D16: {=INDEX(기계코드!$D$4:$D$1022,MATCH(1,(C16=기계코드!$F$4:$F$1022)*1,0))} -> M_PKA0103 | E16: (주)부강테크 | F16: {=INDEX(공급업체코드!$B$3:$B$1000,MATCH(1,(E16=공급업체코드!$D$3:$D$1000)*1,0))} -> VM_BKT | G16: 링블로워 AGR | I16: 4.2 | J16: 2100 | L16: 1.9 | M16: S_SYS01 | N16: 380 | O16: 0.855 | P16: 0.9 | Q16: 80 | R16: 23 | S16: EA | U16: 공법 | V16: 0 | X16: AGR SKID 포함 (상세설계 필요) | Y16: TRUE
A17: 링블로워, iHG-439 | B17: =D17&"_"&F17&"_"&I17&"_"&J17 -> M_PKA0103_VM_BKT_4.2_2900 | C17: 링 블로워 (AGR) | D17: {=INDEX(기계코드!$D$4:$D$1022,MATCH(1,(C17=기계코드!$F$4:$F$1022)*1,0))} -> M_PKA0103 | E17: (주)부강테크 | F17: {=INDEX(공급업체코드!$B$3:$B$1000,MATCH(1,(E17=공급업체코드!$D$3:$D$1000)*1,0))} -> VM_BKT | G17: 링블로워 AGR | I17: 4.2 | J17: 2900 | L17: 2.6 | M17: S_SYS01 | N17: 380 | O17: 0.855 | P17: 0.9 | Q17: 80 | R17: 25 | S17: EA | U17: 공법 | V17: 0 | X17: AGR SKID 포함 (상세설계 필요) | Y17: TRUE
A18: 링블로워, iHG-529 | B18: =D18&"_"&F18&"_"&I18&"_"&J18 -> M_PKA0103_VM_BKT_6.2_2300 | C18: 링 블로워 (AGR) | D18: {=INDEX(기계코드!$D$4:$D$1022,MATCH(1,(C18=기계코드!$F$4:$F$1022)*1,0))} -> M_PKA0103 | E18: (주)부강테크 | F18: {=INDEX(공급업체코드!$B$3:$B$1000,MATCH(1,(E18=공급업체코드!$D$3:$D$1000)*1,0))} -> VM_BKT | G18: 링블로워 AGR | I18: 6.2 | J18: 2300 | L18: 2.6 | M18: S_SYS01 | N18: 380 | O18: 0.855 | P18: 0.9 | Q18: 80 | R18: 36 | S18: EA | U18: 공법 | V18: 0 | X18: AGR SKID 포함 (상세설계 필요) | Y18: TRUE
A19: 링블로워, iHG-629 | B19: =D19&"_"&F19&"_"&I19&"_"&J19 -> M_PKA0103_VM_BKT_6.2_2500 | C19: 링 블로워 (AGR) | D19: {=INDEX(기계코드!$D$4:$D$1022,MATCH(1,(C19=기계코드!$F$4:$F$1022)*1,0))} -> M_PKA0103 | E19: (주)부강테크 | F19: {=INDEX(공급업체코드!$B$3:$B$1000,MATCH(1,(E19=공급업체코드!$D$3:$D$1000)*1,0))} -> VM_BKT | G19: 링블로워 AGR | I19: 6.2 | J19: 2500 | L19: 3.7 | M19: S_SYS01 | N19: 380 | O19: 0.865 | P19: 0.9 | Q19: 80 | R19: 37 | S19: EA | U19: 공법 | V19: 0 | X19: AGR SKID 포함 (상세설계 필요) | Y19: TRUE
